-- MySQL dump 10.13  Distrib 8.0.30, for Win64 (x86_64)
--
-- Host: localhost    Database: mallmgt
-- ------------------------------------------------------
-- Server version	8.0.28

/*!40101 SET @OLD_CHARACTER_SET_CLIENT=@@CHARACTER_SET_CLIENT */;
/*!40101 SET @OLD_CHARACTER_SET_RESULTS=@@CHARACTER_SET_RESULTS */;
/*!40101 SET @OLD_COLLATION_CONNECTION=@@COLLATION_CONNECTION */;
/*!50503 SET NAMES utf8 */;
/*!40103 SET @OLD_TIME_ZONE=@@TIME_ZONE */;
/*!40103 SET TIME_ZONE='+00:00' */;
/*!40014 SET @OLD_UNIQUE_CHECKS=@@UNIQUE_CHECKS, UNIQUE_CHECKS=0 */;
/*!40014 SET @OLD_FOREIGN_KEY_CHECKS=@@FOREIGN_KEY_CHECKS, FOREIGN_KEY_CHECKS=0 */;
/*!40101 SET @OLD_SQL_MODE=@@SQL_MODE, SQL_MODE='NO_AUTO_VALUE_ON_ZERO' */;
/*!40111 SET @OLD_SQL_NOTES=@@SQL_NOTES, SQL_NOTES=0 */;

--
-- Table structure for table `booking`
--

DROP TABLE IF EXISTS `booking`;
/*!40101 SET @saved_cs_client     = @@character_set_client */;
/*!50503 SET character_set_client = utf8mb4 */;
CREATE TABLE `booking` (
  `id` bigint NOT NULL AUTO_INCREMENT,
  `email` varchar(755) DEFAULT NULL,
  `first_name` varchar(755) DEFAULT NULL,
  `from_booking_date` datetime(6) DEFAULT NULL,
  `from_time` varchar(755) DEFAULT NULL,
  `last_name` varchar(755) DEFAULT NULL,
  `parking_name` varchar(755) DEFAULT NULL,
  `phone_number` varchar(755) DEFAULT NULL,
  `slot` bigint DEFAULT NULL,
  `slot_id` bigint DEFAULT NULL,
  `status` varchar(755) DEFAULT NULL,
  `to_booking_date` datetime(6) DEFAULT NULL,
  `to_time` varchar(755) DEFAULT NULL,
  PRIMARY KEY (`id`)
) ENGINE=InnoDB AUTO_INCREMENT=11 DEFAULT CHARSET=utf8mb4 COLLATE=utf8mb4_0900_ai_ci;
/*!40101 SET character_set_client = @saved_cs_client */;

--
-- Dumping data for table `booking`
--

LOCK TABLES `booking` WRITE;
/*!40000 ALTER TABLE `booking` DISABLE KEYS */;
INSERT INTO `booking` VALUES (1,'Admin@gmail.com','Admin','2023-02-15 00:00:00.000000','00:05','Admin','Parking 2','8585858585',7,27,'Cancel','2023-02-17 00:00:00.000000','01:06'),(2,'Admin@gmail.com','Admin','2023-02-14 00:00:00.000000','10:06','Admin','Parking 1','8585858585',10,10,'Cancel','2023-02-17 00:00:00.000000','11:06'),(3,'jebyzof@mailinator.com','Lewisssss','2023-02-11 00:00:00.000000','00:07','Lester','Parking 2','+1 (205) 295-5092',8,28,'Cancel','2023-02-14 00:00:00.000000','00:07'),(4,'Admin@gmail.com','Admin','2023-02-13 00:00:00.000000','00:33','Admin','Parking 5','8585858585',3,57,'Cancel','2023-02-13 00:00:00.000000','01:33'),(5,'Admin@gmail.com','Admin','2023-02-13 00:00:00.000000','00:53','Admin','Parking 5','8585858585',1,55,'Cancel','2023-02-13 00:00:00.000000','01:53'),(6,'Admin@gmail.com','Admin','2023-02-13 00:00:00.000000','11:52','Admin','Parking 5','8585858585',2,56,'Cancel','2023-02-13 00:00:00.000000','11:54'),(7,'Admin@gmail.com','Admin','2023-02-13 00:00:00.000000','18:45','Admin','Parking 5','8585858585',2,56,'Cancel','2023-02-13 00:00:00.000000','19:45'),(8,'Admin@gmail.com','Admin','2023-02-13 00:00:00.000000','16:47','Admin','Parking 1','8585858585',2,2,'Cancel','2023-02-13 00:00:00.000000','16:48'),(9,'jebyzof@mailinator.com','Lewisssss','2023-02-15 00:00:00.000000','22:04','Lester','Parking 1','+1 (205) 295-5092',5,5,'Cancel','2023-02-16 00:00:00.000000','23:04'),(10,'Admin@gmail.com','Admin','2023-02-13 00:00:00.000000','21:06','Admin','Parking 5','8585858585',2,56,'Cancel','2023-02-13 00:00:00.000000','21:08');
/*!40000 ALTER TABLE `booking` ENABLE KEYS */;
UNLOCK TABLES;

--
-- Table structure for table `movie`
--

DROP TABLE IF EXISTS `movie`;
/*!40101 SET @saved_cs_client     = @@character_set_client */;
/*!50503 SET character_set_client = utf8mb4 */;
CREATE TABLE `movie` (
  `id` bigint NOT NULL AUTO_INCREMENT,
  `description` varchar(755) DEFAULT NULL,
  `duration` varchar(255) DEFAULT NULL,
  `format` varchar(755) DEFAULT NULL,
  `genre` varchar(755) DEFAULT NULL,
  `image` longblob,
  `language` varchar(755) DEFAULT NULL,
  `number_of_seat` bigint DEFAULT NULL,
  `price` varchar(755) DEFAULT NULL,
  `release_date` varchar(755) DEFAULT NULL,
  `show1` varchar(255) DEFAULT NULL,
  `show2` varchar(755) DEFAULT NULL,
  `show3` varchar(755) DEFAULT NULL,
  `show4` varchar(755) DEFAULT NULL,
  `show5` varchar(755) DEFAULT NULL,
  `status` varchar(755) DEFAULT NULL,
  `title` varchar(755) DEFAULT NULL,
  PRIMARY KEY (`id`)
) ENGINE=InnoDB AUTO_INCREMENT=6 DEFAULT CHARSET=utf8mb4 COLLATE=utf8mb4_0900_ai_ci;
/*!40101 SET character_set_client = @saved_cs_client */;

--
-- Dumping data for table `movie`
--

LOCK TABLES `movie` WRITE;
/*!40000 ALTER TABLE `movie` DISABLE KEYS */;
INSERT INTO `movie` VALUES (1,'Elit Nam corporis q','Minima eu et nostrud','Voluptas ut adipisic','Eiusmod libero ab qu',_binary 'PNG\r\n\Z\n\0\0\0\rIHDR\0\0\0\0\0\0\0\0\0x\\0\0\0sBIT|d\0\0\0	pHYs\0\0\\0\0\+\0\0\0tEXtSoftware\0www.inkscape.org\<\Z\0\0 \0IDATx\\w\\W}ϹShҪKVzq\FfJ !$$x!ϓb\	yB\!\0\L7\u-ɸiec\\Vە\˪lr\\c%[ږ9s\~߯AZ\\vv\\\CDZ\V\Յ\!n9.p\&X\8\"Z\\\̨3h,E\\8Rv0\E/S\0%׉#\찃]8qօ8\\\Ĭ\\\p\\"\Rh}]\]\\\As$\c\mz.^\\"g6;8\YHK\w\Aڇc/\>\v{lRQٱh\\;HR\0)#3s+w29U`v\m\f3\"c\r\"03\Ȉ\"0V<l\Y̞%\6]6V\\"\Ej\n\00`U\\r.;o0h 4# 2#<^($H띳[\b}궾ٹ\w8S 2@6Yݡ:.q\e\\q\0h,kE}AP$,\&r\n\V;~\uWn\D\D\9\nq\\f}\'\l\'(\n\n#\'LXk\G\ekuA\\T\0m,יqkf߹ʀDQ\ZI&\0\0+\rŹ_\Y\湣CT\0h\\u\\\MR\;\W\\}\#(/(q\r\0B\r\!3\\\U$\T\0H<\a\rY\\^R!\\M\-x\9\uI?h\JRT\0H\k밋1^a\n\F1+֙A\Z\\(Q!Xaƽio_\@\"\@jڹ\^F\\\0D\b\70l;.\\"~ԧ\\\\\Z\0RZZ}S\r:g\;S\0\]%I\ɺq\OsQ槯Z\$2T*\0$Vo<,\\}gJbhI8\0\\/\\Hd0T\0H\1Q7;x#2 \9R¾9\b2+V\v{*\\~\l\w R Uo\\Z\v5Jv\\03ɩ̠bD&G1f\eG=ک\0j]3\Gǌ[\\./\6T\S\\RT\0HUytMN9\ޏ\@%)\.\\WΫ[\;\	*\0Ļ5{\vM$1O\{\-\n\0\a_\'\|o\Bw\wI6\0\ͪc\;T\Ķ8?}i\\S\H2\02\	\o)ߙď\n(K\nVaMo]7\#ɡ@*\\M֜\V\\\#\\򅾹ɭ\\\?RQK7-p|ڧ@\j\s6\\"\GÈ	w\\\G|ڥ@J\̂U\\}5\bh\Q\"\0\!\}vԏou.\(,T\0HɘY\8ǭeHmO\Hn!mqD_.mJ$@l\\Z\v7V\\KDQ(\Zb/w\::\r\P\0A۴\\:\#\pb\`\N/d\n\\\x;\;ē\n\05{?r&\#\T3B(R \\\"\\\H\yD@#\ҟ\\\_*\0\\vZ#\kNR\K\08>\"e\\\0R\T\0\Y\\{8	\;HD\'\n0Jrw\j@\F\\\ǧK|g(2rbZ;\s3\Ж\b*\0\mvoW>\C#w|\[o\}`\\]HP \0my\coB?R\nχIށs |\}gApn\7\;\<\"\tb+\\\!\\n\L#(l*\0\	~F\#RIf;b 8\\\fɤ k+7\*\YD|\"7\r\_:7\w,\0	pJ\?8\/wjQ\\>\\\\\i+\\\Z\\" \̵\\\\#R\ \ =nW3\0R^*\0j\\\6,\n7\\\"ad\\"$\\\/]\;\n\Zp\\0ޅE,_\\\V|K\+_\|\SPVv\-\|g3\Ot[\\`\^4\'s\$RZ*\0jȓ[md1\?c\,\"P\\\\\|\7^\#F\Wc0\wZd=0\-{}h\7}GSsmmeE*#_\\'{4\0\\'\(g7-p|Sc\\\(3\'t:\l\\m\\\0\6\2|C\YDʀb1\"\}˅?_\DF@̬\nKq|\r\;\I|\\052ݥ3N\" &Z\\M\=u\"U\'W\`E3ǵP<\0ǟ).\\r\مћI\\0A:7\rȹ\0r+\\\Ж\"\\0v,\ rv*\0T[el<\zDbŀByPsS\\\KzbM+M\[\Z=	\f\H\\uk|Si2YY\no\rӬ\\_$R)Gc}t*\\ZsH/\w9U*\\֐9\\;^Q($g\vj\\"WFT\0T\'\mR?EDʧx|@\o	,\n\,\\$\T\0x\6\;t	od\1~k\*\ILs\0<z\~7E\9֐\"NsC^<=JO7\\1\w\'_\k/o\˼)\wQPawبqr\YDĿBh\>/x\E\7,Z\v$*\0*\\\9~\EDG߆B\n!<\{\9\_P!+;\\:ȋA_T\k,r\\\P|\ Iڶ\\`\;T\'砡>E:\\\\짭\\$	]nU|\\H|䵏a||Ѽιd\)#\0ei\u\\r\-H}M\K\\wZ\g\\z\!P\@\0v.\\\Z\0%ֶ\&\8.ED\/<B \EsϦ\\-7/\\;J-QPB\(\]\|g\\ݛ\"=D\Z.\0%\\aWs`\,\"R{\"\\\H\f\\"x\yV\AjAכ\\v{Iࠡ.^MuWRT\0\\\N\@\,\"Rۜ\\TF\\늯$\T\0A[RHr4\%}7Aꝳݿv\A\L =\a\2\+\{(\"4d_\\[\\\w\\kVnw;EĳlLoϿ\w8JO\`۟\Z|	}\\ȱc\ٷ\\\MOO\||>Oo>Ooo\wĪq\\Z\(Nɤilld\\qL2k\V\dB1ѫp[\\|\w8\Il\0\\\>\;T־ٸe+og}\\:Uס=~nCc#sf\\\r~-ӧN-ax27Q,&z\0yɼ\#.T\0\\\A\;_wOOo\\\[ظu+;TR\0ld\h~\5\\k-\\7QHx\0||\G|\0\>ϾsHQ\ڍx\_fF\na\wW\-y\g\,\q\FE\0\,sT;\0\\\n6\R\Gmjuu(.\08J\\$;G7\\'0{\\/\Q\T\0C[׌/\!s\\^UϬdPROK\h>\MˈF\H\0f\޽dn?}V*\0\b\v{;o\QMi\9\zpO߀%zg\Y\0\0\\\S.S\z!\d\\ۗ\O\ \H\'3X\n\\0ҾHi\\\\\ãO<(w\0\d\;&MPתFF\B\0\?3[K\\;HQ\"m;lEE.2\U\\\\\;\0@}C29\\\r`ޜ{Ò\|&*\0NX]\\;ݮ{~̶\T\0\03f\\+z\\\x\ѯnx9徃T\0\=\aS\\n`\,2t>$\\\\\n\YT\0\0x\ۓwLAwHk\0cd\*\AAr\ɜ\\69\\nH\'9\Ï=L\1	hK\}\7\~ٺw\ \ @\N2\Ř\;\\_w~RŽ\,\_M p}E\ ~T\g+V[r׈\\}6܊c\,24\:vٯ~\\"Ul\\=<3cx\\+d?}e})u=|\w7l\_:I\\\]*p\g\\FogK\\Z؟>\r\w\\t_m\\\ݿ\w\2\l:\0\0so}`}|\%\\vC\s\\<r%߼㇄Q\;Ċӻ \rH{s|u]|\!qmw\9dhV[\m?S]dPY\w\ \E3gٺ\wJKTr͈d|g۴u+_\\\\G\p\!ż\U^\3qǲu}\\0w\(wc|g\صw)HE<\Z\1F࠱>E@s\\O[\Xb6HD\\f\\E\\.\oӛ\\"5`\#T9\I\\.tG\duTB\"\n\0\0\!\\G}G\Zs\N\N:\\fqZ8;\0\P\t[}\0S\9dh\Yu\>\;Ԑ^\R6N\'{\0\ݭ\\;E\tж\|\wgm\\\V\1\\u+\\3)O0\[\\𝣜j\0x|M\\0\yg\\DfKius\\8\ruA\\PopG\ى\5Y\0Iq;0\w;h\1uuuPՂQ_\\'7լx\\f5\O8\w{\#!5wQ\\)v1j\}l\}琡13n\O\\W\\~#\^]&Hz@0O\\|\(*\0\b\\7 鷮\\\'\\v\1\=n5lv	a_oSn\ T3@\V\\E&B\|@,2>\ϳk\\QsPM%\jxPߺƚ|))\0|\w^\\N\1$!r\\i\CTT\Q\0&A5Qϭl\C΢\ٳO׺C\w\=bD\%䢋0v<uuiZFUUzr!\0ٻp:\޺hn{sU\U\l~\;\\<\Wo\wj,\0\ƹL&\\\L7\/뮺l\"ZƟ\"2\\-;\0/t\\,\\\Hi24+	\T\0s\'M\\7/b\7SQ\\\\%||\7;\oDo\4up+:׌]t\0\\\og\0?nߑ*&rd4\1\;\P\v`\&X}g\/\\G|ǐ\n>?y\;x\|\Q\\s!Q\{svÒ\\}Xpm;1:׌(Xi\1D\\\\|_?ϗU\Qʮoi`,O!q߉\\X{V\\\9t\n~#ǎ!R\\mwE\a\*8XFJ\l_|\ؽs+\ˁw\!\\j\DJ\\:\}\\\\u0	Hb{7$\\\wU\V\k\x\\XڱJ\9t\\0\\04du0`|\j\X\0\LCJk瞽\֬R:;O\e圣N\]?}ؼcw\\oCJo\-#\\\v߷\\;FYe\\5\kXW\1+\6\\;\ƭ[}G)zu6QV\r\Z\0g_\i\;F\\\\nF\!\\mc_NQV.pdU2ů\UNm\`\R:;\\\C\"\\\'\wK\V\0\o\|\0h\ih迖\ٯ]$Y~y=#\Z`ξbUV\.(0\w)*\0$azo2\1\*P 0\\\'|\8}\:\b\!\g\\D*\\\}G(L@[\\\n\\q6UY\0Y`_2Hy\$\\\;\\\\\>\n\0s|ͪ\\V\N\ǵsH<\\;HřEx\Q\1\.m.:\T\gRu\\\[m\\}\\\\\}G\ɧ\"	6\km\/VuKh\b\r9\Dص{\8\\0\Z	\Ū\]Y\a`T\I)\r\"\n\\\$E\\\u6	\\+}\8Y\\0mm!\3sH\\\"^\n\*G\00\giB`#c3s}ǐ\\\$ћ.J%~`\\\qBU\0On\\RYa \U瑣#TT&ղYPU\0\\\!\"RIQ90.pd\9Ȇ\0X\f\0\CDDʯ.\>`G\\\.\{\0|BDD*C \n]9\!\kq\\"\"RY^\\003D|4\'DD$Ih@\0ǧn7Kzyo\\p\\)G:\\Ʈ/\׋{)\0ZZ\\"\"R4\n\0\\\<8/\4\ŨDDrR#\0nZ}XxWNW\m\r9>e [sL;F2~dپ_B1\C]l;p;;	#9.t׾t:L\\\\Ȧn\\\qw|\N\"5l@\\\\0\U3T\|8ǸJ\P]~\Xny\n7\\n\ݝ/j\~ڴvq\v=yG\p\	?\\\Ա\\1\\\\\w\mn\\P\x\b\`l\[\\u-*\0\`g\'T\tͬq{\Lj\#3\>w\vb\n\;R\\u\\ps,]8߾b^0\T\0&\*F|q\3|\WkK|>\[4a\\Eѕ׊Ù|zCz\0\\_⤹!\_}	xʐ8\EGq\\Q\?\\\[ܲG!\\^07_5kgbS&$\rL0,7K.\W\\v7{5Y82B1ѷqF2\P\\Ūy`\f>\k\2쯵m\Q\q\;L\!\?JTc\$c\\\<yO\œG1-\\/+6\(k\rF\0^`\z7\\\\Vjb#\0\I-|2\v_8v8\\^ڷ0\X\ظgaӞ\l\wbL&eR\\gָ\\Z\̜#Y0au/9\Y,\r#뎇o\sM\=\n\\\\Q\0ǯ?R\\~ﺊϤ.\U3\q\\\\B}1:ܡ.:tܡc\?xq\4\3eX\<jSG71mL\z\w;\\u;Ǫ}Ǒs\fn\\\\09޷b}\0)\0t/qАM\o憬\(ɤfof\\\\\8ؕ\\^\\`W\\^\\-p,W\Xo\\oȽ+W$|QJ9eL4Mu\34ե\XϨaY\572jXau\\r0{7S?\HO\w9\	(&{`DG\Be/\0t/qgK0}\p\1\9\\:F7\1{\\qVs|\\\(ruGXL\03\׺\>h;V\\)8fK\\Z\̛\;٥Z~$\1\\\ \Z\rHYM\\|\rRx\=i\"+}\\\\Z[e.w\r\PM\\*Li͍\[%\,8\\hb\rBY\0Y\㋔\\$\&Iw\t\r\Z\0\LVn/)\EJ\\|G\nv&]:\bҤl\P\\\/g\xlp\1=%Z\oN\0Uc\\\U\8H)M\pz:yy\01IX(o]\r,x-RJ\|GO\;l:\\0\\,#\%?I\n-~\\)a[_c\ \$|\0\\q\\V+%/\0n[@5ʪO\\O8 J\i}*[\R\ն6˘\\0\0 \0IDAT\=<$[F0\\\Jzϲe\x~\\\cH1\0\\\o%-\0\"㽥<h\0a%\rP`U]\\RODD\LZq\Ժ6wQWw\X\"\"\"/I\'~2 \*ձJ\l\iScI&\H \0w?e%YiWB\M\T\K\l\KqҌ%9\\0\Rf\\\G\\\d:}$V}&\;B:\?\\\5z!\C=/\\\n8F5p\\3 .J\1ԃ\xY\n\\5/[Ե:fmAI=;n7\0֐\nwr`\P!\\\	T3Fk;\J@/t(R\?\E|ʤ^:u\\\\Ƭc,\\0\\\Cy\6\\7\\">]7{\rY\TΌwܸ\w\n\0u5\rك.\0	4\"\i#gs\l\d@=aQnO\\[\\\Mɵ\!k\ei\\i\0gos\'v\XK\">9\x\+.\%}1\0\?Q{\U:$5\[g\4X\\<Xz\53\\1cHI\ow\\m\0\87\\A>Oī˦\=K5KNyy\ĒZ\U\0x\.pp`^LħZ]M:\?\rd\$2@)\0\gm\@4\O<Oħ\N\KpMuj+g\\7^\\b\Qd\0t\0T6,~O\Z̉\rx\r\4\\\\[֚9/g\o\\47d}Ǒ~RS 0s5\\\0xrn苈TZ&]\޳]3K3e\0KƏ`\_&}\ԧU8V;ut`Ɋ\\2\'\\'z@cR\2).<\L\]\\dHRo]<7^<u{p\\\Ѫg9ڛM^$p}s\\|G)_|O\e\\v %r\­\\t@C6̈́L٨	Aqr\wA)\0=|R\	\\\R`	/D\\n\^`ɼLW\\k\\A%y\\w%@)ԥ\\\۱\Tz\-]?\,B\'B\@So\\]\08\5\#\"\"R~Z\r\0D?Wd\\-\"\"\"R*\0p\Я\\\\\A\') phů\hݐןG\0pED9\\Z 2<\0\"^=4\"\"\"\\0\p/\\\\[\0\F\\r=ȩiQ$ۈ摾#\\\0Ϳ\du\{\G\0\\0@\"RUI\ZZ\4\0\P,^{\00cIi򈈈\08\mKKFDDҚ!\0\\%K$\"\"Rf\0\\{V\,\0q#\"\"RM\p\\\\M\#\"\"R~\t\\0\\s\0f{Sj@@\(Y\0XךKJHDD\4\0p\\޺ƚ\\g-\0z{\Bm\ҡ;{?\0\Z\m\0\\5\EDDp\\\30./_\\0\0W\jv\sjq/o&	\\0\\3\\H\:d \"\")U\0\_?\#*k\Z\n\\pƋ3\0Nğf+\0\\O$\"\"R^֭V\/V\0d\^\\D@\D=/\iE\W*\\o$[\R#$F x\i_;\QNTF\\\\9\wDP\0f\0CTNAw$,PJq*\0ٹ\03\\\\DtG\Y7i\0\C-\\OK\Nf\F \\q#$F\fAӢ\r\N©#\0Iev\\]\wT\|\HFD9\J\#I3\;HE\6\0$M\0sv\R@\0\݁`G\d(fho\;F\# pNk Rncsj9-\Zg4kG6[*@K;s`fƜ\G\")6g\\\Z|G)(a\˴\M\0fw\\\mLE+\0ģY֥\pEͬu\r]i}\-\g\\_\I1\y^\\\2)\Eř~2%l=M9\;L\9FI<)g;\\MfI#r.\Ȧ\L҄\`d@Bߟ)(<\T0\PLe\Jgw$\rWA\;o\\nfjtDM\o	19\I_g\qi[iT0\#\0{bi@bdo0\v\Q$6Oa\\Oc։?P\\`V\r7Q:\\0p\08,@?\;ǜfUt\2@\t\0\\XPbഝOi_\hK \0Xm-p\0(f\7\\\FB\G!P7\i\0@.\'n8\0O\Z_A\w@N)\0&#28T\0z\d4\0,\\0T\0H,\\0q,\\;\=\0s\'\0nH<\]RaA.1?\I~\^\\^TV\\S\\T\0\p\\-\0\iD\\^l\Dn\\\H\-\r`0N\0\XiDu\\MmJ\\:\`<@\\f@Klup\|K֣#\ i \0cZ[-\\30R\\'P;>әiAKg; \\ \Yj/1T\@\0ĕC\\0\0\\\.\?m\n3a\;\	Ԁc\G]\2Q|G\0j\0w\\\H\9D\\nx.<\;\ j	0\0ݮA\0\$g`A@gFq\0\"72Eb\pq\}ǐi#\\V?c@;B\`*\06v7Flo\-\\0\q\5cͮ~a1}\0\\NBJA࢑\SR.\Q8W\\g)\1(k\nphQԌ:U\08TiBs\0\0hT\0H\8\\]݊E\	\9v\OBJE8hF\0\4zY,G\0r\&N\R;\ZC{Jm\\F gSc9pw4\0-fd}ǐ3\\\\NCJHa\rP\;H\4\nP\n+\07h\\ T\9\\0%5g_j,T@8G{\\)Ĝ*\00\CԊ8g{U)bw\\]?CJM\0\0R*\0f\	n\nX{\L\t\԰^W\@\$f{\s,\\?R4 mg0QA\0\;V\0\G\04SJjV\P\\ki5]\08> RӞ\(_F\n\0\\:l\\"e\0\\)2\09W\\`\\Uȃ\gц1t!Rn\n\0I	]\wd\\N\o\n\\4\w)eTT \`\\jq6I\rHS`*\0$c8\4[Q1/f\ٮɠ)A\0\\0@c{j&VJA.&\\|J\\0\\"C\\\ٝ\Z\;F2\\\p\x-dq}s\0z}\n]N`\|\0eIҘݾsT9\\4\XN\\<fZ9ǳ#.\"rYHx,s]\n\0I^\ّ\;Fm2\\MS4D1M\\\\0=s7-ˡ\'&5j?I&= =B/cԎ(\rQ*ͺ!\\T}#\0*\0$\"9=PK?\\M#/QßЊpFw`p\wz\\=[\\0T\rտxǈY\p\^VB\+\w\͚8$\=T\\؝w\@=8k\櫾\W\h4j\\0\0fN\	\d}ǈ0\\\\'kb]%cH0U\0\L#\0\"/=5î\w\\F֌\w\":A\09\x6=Nb\՛B3\r<\r:\)L}	\8\;H1\\UKBO+d\ZX=\J\"RH4@hv8}F\Ә\\\r\\QW\\/g{\0a7n\AD\؜ξ`\(եo_\\\Wj\'9;q\잠\B͑D\\plOMQzs\\~Ú/5uL\lE\ӈT\x.Lex\Oq}ç\b\I\\\չ(}/{\0u@9A9eVq+\mIQ\}*cm\8\G_6=K\9.7u\s\|G38z\&O\z֎R\'\*\E(2yaCj6;S|G)\'*t\j\S\'hEbDK\0l@\Z \n\p9\N7.qa\^\\hW\NUͳ\SI2p\Z\0\0\\\0iDb\p\\3|&;\R[\rc\U\O>;\r#.!\\"1\:\\@fD-$\\ÙQ܆L\\\'Bjv5M\H\\p|hG6r#\u1:5ݐ]\#\\\/%\0pŰ\0FGW6\y8\{U0\\zHZ\\\l\\#\0\Mq\[\+\"Ep\*MM\<\\\"%bf:\\[f#)-Ͷz\n#\"}\'\\l a0b8d\\\\0i	 \ğ/\0lGD\\OF6C]\OIH\0\\~\6\\8ߺ2os\i\B&{\"zYyag*\0\Q\gs}Wuu\\c,\03{\\|\"U\\"/_\\.\d 4\_t3w؜\]NEjY\V|_\q\e\0\\Nn@;kԚB-T\n2\\]\KU1-\\yas\r~2HY\r=Vړ\\\a0hѷ|\\^Jl3K_\:\\.X\$\"W\\\\\A\wI{A\n\)\r\K\h skO)ZZԈt\n0\\P艾\'N\\\>	\09\0αA\J^$\\0\)\S\;T\0Hm\\n\\\)\0N)\0.\VDDD\\\*\J]<p\s\\f)\0\0੓W\0\0	\\\)/\0\0\pn?\ɊDP\0\\siT\0H\P\0~n?\0?\\@YeR\̺`\B\X⯋čx\\\ig\\\\)/\0\0\3}\"\"\"q\0~\ \\\)?-\#g+\,k\"2\\\yu\g\\-H\0DD$\Pg\\w\0<\\0\\0\"\"_Z\0\9\\g-\0\DDD\@#\0\\\Z\0\\y(%H5\0J|P\^\0\0\~]H\"5\`g\'>x?\|G9Qܻ\~vjnO?\\W\u\\Z\0\0,+}\r|\s_`\F2#\Rh\;V\(Ge\G\q\g?\7%UN\w\sxO6\\e+x\\\'1-ͼ\+\0ȏzNoaC3I\0q\5Gyɧhj.]\.Y\c<j@4 (\2@Dbl\}ܽ|9mO?Mt\4\wa1u\\ύz{Q\\@6\wn\\Df<\\Z~f-.\\k,f\ر^J04\0.\\w\\ndDbj瞽ܻb+W?E/<~4_{IN梐=\Z{\\3~ΞbWv\;ud%ps\\%2ib%J*|\;_\c\g9\C\}\0q/@c\.\zAV[\Y\o\\\N\0\;\qv\\\;vi\'t*ś_u\\Ozd\36f\F.?W/zS&Hq\r\\(\\$vse<f\9\rk\O\OX\'\^\wo\E	*\\\)k9\\x\_}\\93o\L^t	N\\\R\zB/7-Yqǜw\+Y2*`\ƍZG\.=\\ J\\;n&\r{S{ɏtΓ?@C}K/_u\ǭ߼73s\T^t	sfL/eTR?pt\\yw\0`e\jȑD\\\۹gC<aÀՏ\/ׯǦzSo+hi\F=_}c7r\tS򚥋;c\`\ILFo\\;٢yן\q\\w{MԨ\۷s\lزeϽh\\~\FM\`ǀ_uM\FM\\gMiظ}g/|\9u*/\F.7w0Qʅ\\0\\@d\\Z$\v\&\j]ƖA㖛.sMc92GukI#7v~\rH>\57_\\o\08as{;fNƫ\\Y|^EǈU\07ne=\t\"*~f~v\l\\1\A?!\Z\IKv K\?(]7\\v\\M\\N8W\|3/]\07\"DK\Zݹd\\\\\5\0\t$̌g6l\\\\s%9\E\k+H-I\q\\\:l\\/`\֡r;v\櫷}&\U/{\n\?0\\\>/\0\g@\%2c͆\V\w|\\t#7f:{6\((7j*a}Ӑqͥs\\\0\\=|\1i8\xW]r	.8\v)ReE\0A\\en[elJ%RA\'Nw\\0v\51y\!ǅ\Zl\\(0bCoԳc7\\Z\j8n/I@\\Dt&~\\\\c\\s\\cipD\/2\\k\r\}{Τq?d\\n\\IFb\HrcJ&w>v(\6cZZx\\7r\K/#8CGBD\\0fvےٷ\0?é\0\F!=,_ξ\Xw\EKz(SOn\\n\FAQ\\i%=\\fr\s7\Z\{W<īn+/TѪ6\0鈟S\s=b\駹A܌3fº&rR[ɏ]\r,w\Lp?sJY8ȷ~#\|%\_\\rW^I:=k()3M\0r\L|K\\ۭ\+Ka\cO>\]\8tp\_\/6\Z\ndfB w\,U\\\\y=0Ko미L&s\'J\\(\5\n@m?0S ~\\"?k\|\A9\%CsS#ǜ_P\d\J GnD}ڤ46\\\s\́J\\\\|λ\\Y|\u\kȪB\\0sw)/\S\"_\sE)\ȪUܳ!n~\e_\'o\0IwſQP~\d-\nc\亁r.]]\\{yࡇ\Xru\\\r\\\0(\\n(>i\'+&w\rg,\sE*\\{\\n;\;\0Wf\97j*.w\qƔu\O\\08\hWx\=\MW_\\믥\k$(\_\\rjaPWCOwo/\~y\\j3k\\ׯK\\r\\[&U\\L\{\Ǻ\,{1]w-/jeT,\r\<-\02 ,y@7zs9?8.\N\'L0\?eAޱ3i\FAQ\\`ATL\\\\\ﻟ{W<\\W]\\oƆ̃H*3\r\\1\<qPeݾ\\^\\"/F!=0w/[N.W\\\\ƌ\kZ:C\ؙidVǎ\9\rqcr\\rܳb\W\f_w\Z\nH1?\;30\B>W\d=^>_\\[\\'q-\d=2\\|\܊scg`\ʶ\n\\\<9P?>կW\y\\?\\w\A\0?cV\R\.Y}\\\\\\;N\\\q9o\"7]Jw4\\wHI\\6li\\Gex\DGꆥ\\})	m\;\cH\\<ll\\\\\\\\,u`\(_ւd;Ka)\G^@\X\\#ʈ&2\0\0 \0IDAT\'<n\l\\\\\\\GY\u\\)X0}2SǍAjQ4\릸AO\Z\X|S ggf\=\]kO]\\s䀧d3ql\Z\0Wy<.,9\w\\<\k	U\D\\\\r]<v\ĈFf]0S\'2kR%n\\K4.A\+&sw[@\Kl\\о5[;8\\{\\Y\+nhZ}\[&\\\\\\_a]Q?F\9\0/V\ucQt\VÇuj\Vm\BC]9\'2w\$fO\e\I\"#Jm_6;P0(\\\ݾ\P#W(lٵ5[v}\'\\\r\57}&\\paT\\T(ݷa5[_̈R\3w\r\\\yjvڼL:\\X8}\nM>\-Z\[R\Wq*\WFO.φ-\\\rg1~\\MU\}[\\HP<(K9Y*Mn܌.;j*\b\Ǝ]l\\E8&\\Y8}\n\\d\?fC=Ȑ+-+\mp\P%կ۟cC.\\;aT&K_\B`Dd,H\;n\r{7\\u)\ȍN#W\{s^Α\EF\\\\/{F2g\D.1\#!hu)*lPY\K\\uIn*9\k\T\0ԪG\ر\r\wѱw\N\.Hih\\U#߈\\BMk5:\C\<,^@iȷŇ!|r-cG63w\$\LX+\n\na\R$@\|(ߖ_R1fƮlh\\3[:\|\44M\r\s\{(\@n\\=K/\n#&P\w9\\\@Cs鿇:=MØ7usN\\	\WCM\@%)\0^2u\n\\\RO*\\r[wf\vWtb.CPŗT\'\Z\\V\(6$?z6\9Y&\"JQ]rlcy\;\L`\\̺` \Z\e\\J$09Mbyg\\\r;\\W	\\\2#{K:U\ΥQPl箒;\6]ݝө \ޙG\UU{\\՘R	!\\0Ap\n( b\"\v\\FDHETD$2@2UJ\Uo~w:GU $5s\;\\˕|SU\}\\'y\9\\\tA̜\\ٳ\\'!⣎Uv\a\0\\d;64\*\0\\3\srwc6B7-ђW\"-\ \.f\$0\r\(a\kO$7	\0# #\\(\z\@\0\\&\\qάi(T\\03z\<\T\0 L{bgcnME\e\uH-cHBA3\0G1j8f\\ip2( MAZYX\\cl[ڰ\rK\m\8c\d5c*\Kbzuu\Ϝ|hhp\UTZÎV\EX\\\$\L1|O>axH\"!=K\ɵpن\\YSq\p\x6˜\ZVv\0s\0s}#=ʀt\8:h\\\\\)c:\\\\\\Zo.\'΀\Ьэ5j\\::\\n7M\ѰiE*39z\xN/b\0@\ˤ\"\\\\#r\-\8Be\0rNCzx(D\T\Zw\#{waOpI;%nU \GXFpDzuM.\0\?o?0\\N?[\ıp+8]MG\\rђ%^S\l2\>}	h\\X%\Z\\܎\+b\\1HgLgW\`O̝\Z~+U=\Z\\DTK#\]ز\4!]:\#e\\ad\3\Z-o5\n\\\Ǐ?H\n!ؼ6\=X8gMNu\\\*@`W9\\\\r\n<T0-ڷ;)gZ\\r\5`fR\\\0K\ͥP\X%q\\\Z\s!\\'8>2Xuq\"gxc\\\0j+NNphیeJ17gFl7zB\0\"ӱ~\^lرOG.Nd=]+>\2N`\4\kO\\sSQ\ZHiDu&x\&q.<T|\\J7Kb\^\Z\00g\Z\x;A8ӭ5\rô\[;\\0-\\ܤfL\u_P\0\\\\lt\{<?~&xؿij\"\sÊ\\4覉U[v`\=\\SW\?\pa΃}y>\" `ǫ^p\\01\[kD-\Zl\[H\\\@(Hy\؍l´l\\0\n\7\Z7\eY)\=\K\\0-R^\(Fia֝xc~|\}g\óO`P\`\z\\\Fz\\\8F7\;M\]xٗ\j?\:O҇Nv\w\\a\\ì)U\01 Xa+~e8\\5\\\\\M*+\Z\0R\w,\Ʋ\r[\\hiBaD+E\x\Ӑ\ۊloq)\|0\3h\K\{\\5oT\\"\i\\q\7\#\0:\iVo\	*;\UׁI4&{`Q!\?\D׽\\\N1ӛ\F1ĪkE\ZƮٟ\HW\;\ItYF\1q\I,s{Ʈxt\nt&\\s@0h\8\2\!\0@\#\\ndX\Փ\=H1(;NҝL\\Y\0IF0Oa\\\\\h=9Z1Ee\\˚7`K\V&\'\Zi\02m2Oټ㸿 $F\0I\K_\4Ī\\$\\Ѱi;~l5Ғ]\\^,\\[u\),\}^%#L<o\{ܭh \"b%\\+\0~p?|A&q+Orl\"\\,#\v\\'~#{kL\sg1Oڟ<;V1PY\D\n.^ny\\Hbd\\Zt\\0%\s\\\\m(s931qa\x\?ao\aђDЫE]{\0b\\	n\Z2Gw\$\\\0\~ݿ^\ZA\ލ\,w✥7)0 Gw-<t	\\+V\xy<\0\\j\\cK\Z)A+_EŻ\u\eO<ܲ\;E罏 M\9O\~+\ZmX\{38\9[M\Dn=\i\00\`/\AkwO.[#1\т\OVʱz\\>\\\\D\ kn\\:WC\T~\\3Vs\Ē\8\\\(!1OX\KcQ,\0P!]W2\,]aRthh	8\\)}q\w\~h#\K\\'mɼ\\0ں\ggF\n-\\\fTa\ŋ\\\\{\d\r\\Y1\\u \\\KW\"/g5\`.a\ɻj\5&2olA\]@=\ߴ\\\Pl^{m7j)\1w\\ŋ\@\W\a\4Wǒx~ke\+?\\\\\'v5#/\{>\J}w\B\O\\\vmݍ7\0I	n[\\Lt\nO.yO}*\CB\		\0f\f?[,^	\ː\\yp;6 ˨rnY\~\\-\'\yk+\0As4\qGl\r\V#jKGZ\\Z1\?\\fB٫͙\clܵ_\rQP<}&%\v*\\\\u)D\\!-C\x\'sM\\\g\\a[#\\ڽon\1ͯŅ\01q\&j}h\\ŒD\(zlJ\w]\Ҧ\'\1뎟\\\'Fi\"#C& {̯C\e[&̬\\=\03?\\\5\-szƄ#\Z?- \ ؜\\W\+o\%\x@\\0d[\{A݂OG;~\]\0Q_\ظK\"\|R\\%,\Ɵ^y$Q\\-)@m\0\hش\\[=\THU\\}w\^|e%R>\\s\l\\py\帬K*%\tM#oJ$+DSu^GO/Vm|\EBxh\f\\\\\э\[wQؖLWh\A\\a\E}\~OxV\7R읻\uy\ݐ\q3\\n\\.*Kς\\ymf=x\i\E\0\0 \\\0|s&\"<Mp	ҋ\6ǔ*t\ZO\w7\v*\\\ޝ\"\._\x\;,]@\mɶCmt\q\\\(8Z\\?=?-$\08o2\`ߐBزZ:Kb0\H98CH\\?𤲌\^nA׏\nWP\L{@zs\Yf\uٱu\\sH\Zw0I\? -ز\?C\0\,&EQ\0\0\>-а,\6\2\Z\6a\*\;4G_&)[#q.9\\\nƲy\qG:8i{pO\\ȂϪ n\Z]y\u0q\;zPH\0\e\C[\\\nXxg\˻\\A\\" \@x\F7 [	HU9-SF\|\\%{\\\\0c[\\e\\iJ\0\0}mxJ\MG\/?\0tv\vs k\r\p>8Y݂qtw\#\"F\k_2O,\m\m\\_\eJ7\k7#\U^艹g\ZD8\0\0\|oǱ~\>\\r_|6\0\fӰ\A6O#\L$MЂ~\\`\\cT*\&\\\\\V\\8mI/2ܷ.\\+\ 81ӟB\\:6\댒\wE8\MaMߢu\9֩ӿ+\H\\i~{\\r46^v\k/\jj\4\>\\B.\?7y߿1id\w,imnwU\ \0%g\r[\r\3tժRYR\q7E\8-{\"\׻X!B\yg\\	ot	H}nB\ӡ])U6y\~nȯ!eFL\n\\:8\ZB1Y$\}S ex: )\b\޽W\\yz^\:B\\0`.c4\\0V\a\΢^,\rOF\s\{/\yZ\n!\/\\'\\dH1)d{}i`S0D#\#\\mR60-!i\0\0\0Lc\	xX\0h\MKB#a:r	+٫\s\<ٛ\@p޵`Sx^[\\#!\\n\n\	V>#\m]Rكw^vf\-\:C\\0\0\0\1@\f5\\v_AɄgY$\_b1o\C\=[\\\=x\g!ۂi\޼S\n]$Z\PH\0\\t\ZK\e_H	E	q#\\ᖅ݇S&\\"\/yf\=]sˮC\>\\S\\n \0F.9XضwHU;g\ϝŤ.:\0\0f\:V\c\R\oy[p͞\{氄B}\+`ш\n\\\"Ӄ9/,l|\\Mmm\\g=8\ja\nD\0\0\0X\07AHlO?d\\ѻ=;dW^ml\\\\>\\Qv\r2oXz0m{\_;*ܦ\]\\#\X\'cU\ڻ;U\O\G2C\\_\\\8\|\\"!kG=7ev+`\3Z6\neڍ;\\0\0\\0g\\3ɢ\\ԲR,Ty]@3C\<\~,lb\G\Ne\\;b 8\gҳRH\F\\\\\7\0\0\6n\Y\\Е?\\r6-fL/C((0B_E_7wJs\+\Zgl$c9\\].\B\;_\]t2k\\jfˎ\s\\~\^\\}\ԩ{F\\(;Z\ߟ\R6񲆋}c\\W\&\n\0\0\\i\YFkt*F\DKp=\OC;\L\\\\ g\\rā&OOvg\3\ë:\%g\\b\\0\0\0\m`p\\\m\C|UP,.e?h\\k\Z_\/\j\' (\\(mH>!V1jm\K9\0\\\\p vdҁoKE\rsNb\\r\\u\0&aIh ±8|#\2M	O&L\\W`1\\C\\_v\\r[\\-\\r0- Zƨ \"\لԵ\\\\E{\\s/+R}\0\03٦ˍ\w\'1\N$^S\0\0a\\0\0\0ؤ:\W\06,\p{kh	׈0j\|\Xw\"\Z\0@\]zFx+\0^s4\`\N\Mk\x%P$\\0\-\\\\i\,\|g\5NiD╢e\nn\Z1\N\\\%g[(~2Ƹm\\0wc\\2\+!Z\\бHaJ\x\5Atv\1\m+j|YCC\\ǝQA\ncL\u\0\0\pxD\\0xBrh	`\Z:l}ȃ\0 c6\<\0˔\|d0\*\\\F\\\n\"b_볙\}\}\0\0\\x\\g@\G\nX\&n|\\qyq߆\ro[\IBr\\\\GπB\\0\K\\n>\CEP\0\0\\\\=f\OD\9\]b\\Y@\\씠\\	bU;s˔\o0le\w{`&\0\4C\0\\0p\r\4\n-\*\b[˜\\Tj\\ԼW\r`\?\"-cD\гp\\|\0\\;Mzh\0\0`\n\\0]6P?\nؖu[\\2	Xq8粬\_\Y\SF@\Nlw\aPT\0\g\>G]xK\Z{*wԹ,\\aBG;`\fW\?=AW1\"L=%Քb9.\'\s\Ec\\]\0\0\0s\?A\HF.UQ\b5E3{:&s\Ed?^]\ӿm\0n1[f\N7\HEQ\01\0@\\Ub\D\k|Y},=Hf<>8\0\Neq\3\\"\9g=3m&772E\0\0f\\0WZ0\:\*\\+kzhS\0\VoIN4e5>:!\|=#>3Y<\r\0\0\i\-\0\CQ8\*}\\3iP\\d\o(RHOl	г	_	#?\j\:ܤ\0\0`:{B\:\0\\'L\\Pw}\"\\]ۻ,@sM\\&\o\iئ.Z`\Cs\\n?,Z\}\0\0\0\i\:!R\\\\0z[xS\e\	x\0l\q\\\\HE52\2\n\2u_8̚N;ph^P\\Ƭ\\0d(ɾ\Z&\ǫ\\\k7{0MC\u-d[0\t\?[E\\\7\y\&\\	G\h\յew\wT\\\\\rR/\\e5u\|\oA#\\NZ^R\\Oe\Ր	\0\0\l;1|@_phU-hI燐\|\r\ޓD*\\\\ZnGǜ=\*mS.;3h!^RR\0\0|h\Z[	\?\%cE\Dxa\\\$F\\X\MOO\'\_GM[\0by0F\=3T)\0\0\0.~Cu(\'\\VP\7]\r\\3\\\0\0IDAT\\O\p\Xh\b\i؆\R@X0e$\0\0\4C\0?C1<i\2FLsstݝ%zA	[n\\\u{8\!@D\Kϕ|\?\<3\:DQ\0\0v\hт!\\X8\k.u\p2W	\/MF\N!\\1\_2(\\0`\f\1|\\\eܱ&	\\%-k\\\\s\$+GZ!\	=@)A\\O^~V\)\0\0\c,`\nG1@8\tرy\\A~\\Fm\-rcکRgJݯ<x\Yh!\\\%Λ\Z4O(\WrQ\Sئ\ro;P\\?ek¶\E7	S\9\\U\Z#	~\g3y\"h\0󧱷\J\0i\ZP\_W\\:\Z,\Pnlx\#\'E\\V-cPs\3=p,it\n\0\C3\k |ǋv*<\l/D\8y\rp\n䘦]Oɚ\'R\F^s\\UȄޢqh	\}\}\Xu3#o\n56:VSf\\\5\u$\tF\R4\0\ًL@jBee\θRW\'p9uw9^yA8VhK.\͟1ങ{Vy\ZdD\0\+\\SRr\\0T\NR;84\F\aqH\\}AQ>Q\\?F6	\(ݱ\'g\:nz\ZdE\0C\/\\:\\~\0XBz>\;9R\0\Zٴ6-b(\sIXFi29k\՗D\\0\_+\:o1I8Vh?&=װal H1\0h0p\\mbյr^A`\R%\\?S<4S׈\!;*\0(;p\5\2\Ou(&>HLaٱg\\\\\$~\@\\:\%B29P	0IXzV}ʩ/=p˕W\\T\0P w~\\|/֡8\4TN.|6\F\Xc\\;뒧5\r\\w\OK\%=\\\N}\[\\\\`໢u(ND7Yay~\\\2\\ǠUc\"	Sk#\0F.	\(\87]yh~B\0#\O߿\\'\0UŉD+kĲk\~p>\n+V\"P\qF\3o\6\?\VT#*\\f6\\|\P/Z\P(XR?\\\{u(Nb\\Q\2\4t\\'R{ {z\09}\\\՛a[!\">ah\A0rR\'0v\\[~$ZQ(Y|uw*הMCe\_\\=Jw?\3Z\\[iT\\\0c2NL\o6]߰`ݢ~}ǒy\q¨YjB\;\!y\N`ZsyM[\\3V\S\t\O|:\,\׎\׭X8\0%_v\(a\+ Zƀp\\s\7\?\@\\\\u\N+E$^%Zƻ\\_ʛ?KƯ\\q\-ψV\wT\0\\0\\_\4\\`䗟\n׈\\!stu#w\\\n\}\7t\/_nbFO(VꉢeG>\S\\`\\?[WR\0!׼70Fc0\\Ђ!\JN\\tA_+\ .9Z0\nɶOu\JzM\=_-XP,f\n\n&ɋ(Dg^Z[\\<\0h\n-Ò5Q\r\nc(\?,\3\ II<\f\_Zp\\[h\0y?9b\0xMEH\\M-\־m/\tbp_\\0l|kbFF\qu\MwD@x=^*\0*\0p\\u8֢\#V5\Jbϡ#C~\riL}\rh߶mo2G\n#Z9ъqe\0\0,#|wT\J\cXk\%/FU_\*\0p\\ΖO؝((?D܈\\aE>?\pu\0O\Z\<>\AB\8\\%&\g`d\\5\\}+>vJ\\\-\\*R͛gޕ?\>F\\0Un\ZzK\:u\rQk\\wh:|#\;v\X\\h0*\'\_+B]p\\7LbGe\0<\ۯ9\T#h &͒\)P\g|\ \0\rjnVPs3`\\tf6NIRIo=O4,Em \[XZ?o\r||UO%F AE\4i|[>HWSs3`\i\4j`\!P1qܶOut?9iU=ޡ\0y~\\`,!\0ϋ\R\㕈\ԉ\0h:|\	N~Ne:\d\Z\\rXpYP\r#.6?\j_j\M;D+)%T\0\1\ߦ\g\\TqxʪkL\\%O\0e \wϭHy\rbU\	0Y\\Үã15\}|PE\n\0h\<ko\0(ݜhC)E\D+\77\"}\+\x\\\&$qoOr\\Z\rϗ \P@\_\\\n\0*\4TL)|\[:\\m\U@\+lhy-\f\P\K\F>\]\|C\rh!\n\0\VFREP9i&X@l/\	Pk\p.4S\o\}\\\α2@\\/\0H\΢b~\0@\h	EPY7Cة\0v\9\w#\\@\\098\(Nc@(\\\>z\K6\O \\WM\n\0~z-n\zJP4\)A۶\ŵ\\	j\3~rjpa\SxyWba)\5\{˿-Z4\0Hƒk		!R^\Zq3\W\T \\?\h͆I\mTx	lW\5,h%\0	y\\\h!JFXe5voOY|OdR\\\\\ZĪk]\0Kϖ|?=\y\\EkQ,fhAO+\0bvR0ާmXצpRò\͎\&\\VʺC[p\"M6K-AW.h!Q\0\Y\\?\/\\0TŬ0ʉӅXľ֕]Dy\z\P1qmȧ:K{\'66Qx~^#+\=ô\0&̈́vcMؐ-k\M Fe\L\O~cdX\0~P\2\\r\?,Zbx\\\\Z\n\4\{dyΉi,]\Y\nݻMQQu\)xd\D=\1-Ϳ[UP\0\>.\y\0{\0@\\$<!-\\h$y@\nLr\,o6B\\7z>1W\\2{t\ZJ3F ȣ-WTqo\+R\\\g0\P9iB\n\\\"n\\&K}|o;ݤ\\\0\׽L0\%\\ZJP\S\U\ܐk\\\&|\T7l#\\7ư\t\\\0	W`ѕ 8+\rr\tz\\\'pe\\^w{\Z\h_u\@h%\\7?+Zb\@\\׾0>\0\\ZXu-͑_=rp`Yʛ\XDw7,#:/h\l*P\\?\\͈\`h-E\]\\\'{\\_\\Wf\[\TԠb\\zթ\0\A0_D\,z(\n\ۯ{.\\\K\\|Dʫ\\_ji\c&\OG\U\mzTW\npb\p0w\(r>ç\\C\0>*ZK1BDHK\Am\\V0)\\\\\PYk㛹e@ϥ@/ \[N7־\\#,(XԾ\\N2Lb1py%\|\r\\K\0\"87描\3v\9Ks\Q\\\\\W\C\(\\G\n#\\u\5\\\Q\H9\0KϹ\\0\\ӣI58\\ZH#QTM:,\`0Dm\`\R,tb\jĿʽ\_\'\n7iC\0\\\#Mw\o\r\\\n\0/,ÝLH0A\I\'C8\\mF.\Z\\\\\\D\-\X,mr\y\ط_\^\"h\'KÃ0>Kc¨<˱͟8M\"\.\͟n0\V\<\\j/MTĹq\t\0o9i qd+\-ni *\'`h\Ñg@%z\O\0\@OP 򭆻o\G!\0(\0\0W\?5\\Ceƌe\H\\\4$9\9g7UeU\c7`Yy4Ϩ\\<lo\rݺMxT\0xz\ŀEk;G\\p\\N\rcJX\\\\\Z\?\͟[&|\ZD{\r\\[`(\A\0\4xsEk3GeΏWqdS\@S4-зG~\L=\\;\wv_+\i\[@\\\4,\\,j\\F\0-h\QTMrg}e\FҖ\]kǴ\0*\'\\Ծ7\*\Ϳ1vj\]y\-\\P\\OǁoM\0բ3Ec\jF,=\q\i\Z*\'\B(2r4L=H\-\*=\\N]3\[\[\R(\0(\n\\w\\\}@h=~\\gh=\0\\bpccޑc\Z*\'\D(\Z\G\a\3\^\o\\ګ(\0(F\Uw<Q=M\\nR?a\\Htd6^LZy\\Oi4\6\0LiA\0{\06,fh5\n\0ŨqA\f\gx\zK!\zh̛\0\\S\"`.\\"\m\e4\PQ7ᲊ\\\\6Fr6[P\\#7dEQ\0(\\\'\M<^¿&Z0I\\ZǼפ\W&wc\\mc3aLCŤ\ǆ\\0lI	د1v焪\_-/ݾF#\0@\\\?΀}	\\08]\\3I\Ǵ\pd1\@\oѱ3?\?cp\зH\2aYX8\3\31\~BUl/\9\\nGQ\q\\\\r8S2\Z\Z#@iLAN\Y9<2\?cHyՀM\0\\3%\Տߊe\\r5KP__\\\n\P\U>Y\_0zW\"F\$\ZCpQ<o\y;\\[u\~\*j\"R>@G),#\\9\\3\޴CE\0\'|\\-g]`h=z\8<`\(N\'\ \a}tld۰\,,#rMҏ{$?qE\Q?*\0PxʵO\aעȄ\E\2Uϵ\\\n`\hCy\TD7-e\Kzkp\Ė?.Z4\')F\0\na\\Us\F#/K\^Ã\#	\75\G\Z0ʉ\W`\4i\wt3\,z\\oGQ\0@!\\Y\DO\0.E^0o\8w\0\2$1y\\\'NG0m\`zI\=^<)\B>>\O\m5\0_0YQ\m#3i?EܥM)t1h(Wh\\\\0{l\7F8\n\0RR__?/2\\fWD#tq!|:芞?X\3\?cWAyۡ $5?0j}&ZB1*\0PH\\Ec\\\\09\\yK!\\Xpe|e\iD5g?\9N1t\\"\\\B%ybx\FU)~\\0@\+\>È]`.\0wa\3H,x\Ǉpuߖ?Z]wa<%\2\(\;oHP\n\0\;\zj\'\0m\\gh=T\=zU\iQDt\y_\iTTA\\O@-\\0\\rޔI\r*\0PW\D\reDt5`3\o,=D\APs_\Ue\1D\k2\.\\?M% te.Xŀ\n\0E\?to8i)\0Dkr\nK\!\zpX\\Z(kȲA9ٜ04Lk\(͟@oli\0xq|u\j5}OQl\0@Q\\U\ɀ}\\\$/80\\&\\\0u7@9,\<\'\G8}_C{\f\U\\$ZB\&*\0PW޷$B=1\\\b\0\Ç#qd \S\\0&(\&H7Nh74pU\Z54\rъjﾅ\0`-iK\'6O\\x\n\0%\\'\M<|C>\CIm\ZHm~|WT\"a<o\C-\a<n\Ϳ,K	V&\nk\Z(eT\0P\\OG}}3`h]-\\} ,,\\?&n5\у\@\0\Z0\%\A 1WAX̅\|\\n\eT(J\0\0(CP__\\9+H\"\"\0`\8@De\\\A\9|\\Y\RƯ9k \"\`L͟,m\06ku fŽ\K\0(#\Ml\t>zs\Eq!qp˂\-p\M@`za[\'pǃ0,\pY^Z(Hy\Ϳ\rf0\h9-u͵\B12T\0P8\\'\ܲf\%\\\,\0cs\ no8&Tbor,<_\rpW̛\\\02= lƶ \\rw\\\\0\QB\2\ɚm\\\0`&3mVsA\9ȶNK\\	\ǂ`j\,\V:\\"Ww\0\\@{9\`\Uz\n\0@\\d\}\\|:\e\0\np\\Go\'\l=?-$\\Np\xՈ\p\\n\r\ jX3Z	\ Y)\|B*\0P($\?>1v\nY\\0S9c\\0DQ0*#NQ\p=E@ \B1΂\$,\'\vu!L\\\0\0\'\%5BK#\m\ݯ<psoB(\)T-\0\0\0\0IENDB`','Excepturi tempor off',5,'804','26-Aug-1999','Exercitation dolore ','Magna consectetur ex','Deserunt qui sit eni','Sunt labore ex dolor','Laborum lorem sint n','streaming','Ut amet itaque dolo'),(2,'fdgfd','2','2d','Comedy',_binary '\\\0C\0\r	\n\n\r\n\r \' .)10.)-,3:J>36F7,-@WAFLNRSR2>ZaZP`JQRO\\0C&&O5-5OOOOOOOOOOOOOOOOOOOOOOOOOOOOOOOOOOOOOOOOOOOOOOOOOO\0h\"\0\\0\0\0\0\0\0\0\0\0\0\0\0\0\0\0\\0E\0\0\0!1A\"Qa2qB#R3br\\$4%S56Ccd\\0\Z\0\0\0\0\0\0\0\0\0\0\0\0\\04\0\0\0\0\0\0!1A\"2Qq#a\B34RSr\\\0\0\0?\0wZd\XU\u\\̯ǉ\\+\޷MDN@f+ݼ\'j~>sk\95\0\I\\'{3&6Z/\0-\\\煐\D%.:*<E[TZ\wVLQRa049\A\S\0\*b̲PsA	{\!\V3\Z	*\\d\0U*Rc}\ \n<4\z\"t{%\x@oV%{`*\@}\0\?d΍\D\\01&\4\\\iEò$@\0\n\Uen\0[\DPP-B\0A\\^\Rj\0t\\Z{-K@	P\#Qf۩zlk\&\\\h\!\z*\\WQ2ZXDmXMP\4QW)t\Ec1\\\'8\\\0S\r\i\\\'`OmI<丆\JEQ9\'(\\ޥ\#!ٮ\)ꝮIh\\F6B+g=\\	t(\\0r\ps\T\ke\E9-kޖ<\-\3\\)S\\ު$ˊ\L\\Pмuy\Hcn\Z\\kcIW4&\"-j\'&FOdd\\ɁTqPW2\\уϭ7I\'\\Ș{\A\E*>.\J\\\Y\OC:k\]{:cG!Z:{)-\{YƎ\Dݫv\Mp*\=\\\\9S\'L7!S8)0\;*\\w3t/耟;#\\\:imV|\ee*\͖v\\\0\\\\[کsP\0崣aZ@.QH;+_;\\\pw\\M쎯&	ϪaA-ɝ#uTxţ4\	X$t3/\\*c\؎Ty>P8V8S)با\hIib\em\$mCqհWb\Z\\\\tCŬ\\\<y7P~?&6\r\h\7\FE\RF넁\lQ(d!\H7\"-2Un{\r\Z\J\\7Czhʚ\i\ZƄhW;+cech\lg\.s\0;\\s\6]/L\f/\x4S}J\\"9PON{0\~\uY](,1SEyY&L6\\\\F9\\}\n\k4\uT}\\@׀\=֬Xq\r^w\0\\W\Z\]\.h-\n\K\2gwAkx>\g\Fv\u\Zh\\}L\\g\!\\˗)՜\9yK)f5\u[J>!(U2\6+<Jx\\{^-{|\<K\\=\\=NWX}\U4̥H\:O*#0\r5@\\G\\0,yzq9v^C\M\\Y-1zמu\02\\ |\\\Y.\Iw\\9fl8hn\alPr9[{+~Lx3\6ܮ/\\\V\|	\I)Gp\A\\{./TiY\f9V\Z1ͥS@$zHK\\0V\U[G*\TS7@\0JMIF\\J͢$\\0?(\\)\\`\nb\),6\*\N\`\\M)6F\\[p[gu	\(-pߺ\\$a[\UIYcc\\/\\|-\Z9\T\ILC\Zw\A)#d7IՌ\Wʶ6$R\\\28l\2)v]^Z\r\zIvZ\\%eڣ]6 `\pjǳ\J\\7(R7\lI9X7\\ǪV\-t{\]v\Xّ>Sa\=k\"Tl5l\Z9\Z\\0^]\\q\iŝ\vl=\$!(oN\f\\\ND.\\e\\XB5\?T!\0zn\Ʒ.Ύq\s\\0%L\\D,\\)\"\\[f\rMm`$0<	D+`¸ =\S	\µ\'\4t#1ER\>*\o7\ۻ\\\tXv8\g\\\\qޫLQ[&T\0\8腐HHq-uƎ\\\{\01\u\֋]V`\۠`.\<ٮ\\zlB\\\"ˌoɍ\fepÌ\pF\\\\ܼz68h\\\\\\\\\\\'t\H28\\O8ȄOm^˩\8%\Ȇ\hA\S\/o!R\@*\\\D(\J\sA\n\)*KK{ڟ*Zuc\"J\r\QeV\L\0Z\\03]\CI-\O!qy\EY\A\d\\h1\r;kq\򍔂\BV\1-m^\+F<ZO\z~7d 4z\'K\ZKWq\#h^\#!hҖ\k\\0\U\ZH\TVN|\k\\R2\\c\"\\0e\\>|v\+\\vا\\\9E\hƍ\֨ar\\&\.zH>\\z\\\{,vbCo\\w]\=&\\\zkЮ.sS{Ҕ^\\\\%#Z&j\.=\q\\Z\0$|}U3C\'\p-4S`\\f4?F҆;d1gZ\M\i\sO\\͖\v\\ZG\lrƈ\qw@\OFnǏAYr\a\\lV\\siBf\\H\򽼄Ќ̶_M-fǃ`\ZAA̓\^Z+X\\	M\bvY\;\v\1\R\=9BdoU\Zؚ\\0\©tcӹ\g6]BڑN3\KN@ޭ\\nկT</&:\a\\+u\(*G+-\\sh`\.y\:԰H\XE\=VV\2D\9xB-X\Ȗ:<-s}Q%m!\0\Re{vUMLw*\0\'dcsSi\( p)-7D(\4\L\Y{jH\jUv\*`0\sH}gE!_% v]_ulr\T\ɴ\c\,s\	6+)ۻ&\06_\ZY\p\\6]\Dhs\\8CSM.=1F\ZM-/\YhrtG쩡>@k]DT\\AKKˍh\Z\\wLA\\;R\*|zkHrS\kO瓱Ν\p\\u\\6\q՛q&\\g>\<<jvtoh#\P\0\r\0N\[fd\]\q\r\\<G\)\Q\\\>Lq0=\VFaׅ\Ǩ\\|8\~\zS\rC-ֱ˅X\{\7H\\\0\0i\Ă\\\z\\ff\h-\yF\&j\;\u\/\"\\\\\&VgV.I\0č.+5)zߚ\4\0Zt\\9\v\ZO\gYX~R\\P\!%\|\t\\0,\q\q%h\=}OdF\\okht7^){\揽D\7\`Z7V\\"!XfIx<@)\t\k<Weu5\O2\nUڛllwK\u|-ݲ\2\-q\zWR\F]K\\\\vZ\\2ja\ xCB \	L\n\ZYB1\6\"\ &0SRZxؤvorv:0|Z)ķ\8\ ueHã}V\"\qa\eρ6Y\\4|i&Q\ms\\٩N[ce\\\MG\Y>3<W\\'#\DjS_\\`M+\򾅨\\\|\\}G^|)r\\\8{c\zW[ę\H\\\pVē\=Oj\0[\\'\R\Z\\0E<$Zߏ\\\a\'d$yȭ\9؇\O24-3\+:{[ְy\M>.Qqt\L6\\@(ND\)uh\*\Ỳ4ת$Km#\)e#\dA̲|@\r}V|Nqc>\\M\A0n\깾\᝷^d\\]=\66\nܢ\h1\\Ce\\M;&zNl1ϽcѮא\Z]\7\)\4<rjGD\\$\sjǋ,\	RAN#~b83+\\\u1R\\0\Ӈ\sa\\'\:7#\4\F\\8\"&Ǳ\itr&FO,%\L\\6i\\c\W!p8\h\7s\Rv\ŝ_E~Y\v]\\s^\Eok\{+m3څR&w)Mt7KgnA[\\~m\IK@Դl\'N\C\=&\"!\as=clfT>2iT2d<\22ו\Gp#ElfR\jlj\0YL,\PD\04$I<٭ \8DX\U+hhgknD\Ȗ@6%W+iRNN\&y\3\Q\\\I.6vܡΓ\[%a^צ6j\r\'4\*R${\Q\d,mC\\{0w$I?\DY\r.B\4#Ǡ+6YZyCk\U\;d3mN\k.X\ꎗ\\X{M}V[6yfIO.+\tI\"]z\ס]<\&45q\V\\\ϕJ5F\Cu/\p]\;ݮdJ\4\PjZ:`\Ca\\FF&ޝ\\i\C\Z\\\*i1\8p+7q;Xx\-4Ò\6(@F\\^6gR\<c	\"׺Ϫ\\SgL	\\os\bcGBh\W~)A34\Z\'Pyk\\\ƪ\0oL\\\\\@ݣa\\|E<^noDL\r\>V\ߎʤ\LUr\\h!4G\M\u2WwY\3(q ղ&	Ns]\Sl8mt\6oQm\0hiթŴ,P>\m@\$-ll8X\\\r\\>\\'.9\+\Z\c\\J\|Y\#7\\\40\\Wb6f2n{+o+8H\46\^- \q\W{H\\\\6\nmK~?4,>˟l\kT-g3O\0w\u:H.9\rS@8L\\I#\\0fk\\"\3D\\\\\~e\f7Le2`Z*LAP\\\y6@\6IJ\0CG{\'\{5[\X\ZMW\I:\\iD\\\\d\"X/\\N⬃\$3fIsCDbEJukޙ+1n\(4w\>\)v\\js\ƒ77\0?U	#5i5Ԩf\\$\zW@\Ovn\\ЪuWcT_]Y;\@F\N\l\\Hȏ4hE	\\ll?.\\T\"&b\i㖚%iũ\ZJƁ\AZx\$ت$\\{j$v\v\\\1\\\CwRƌ^8W\r\Xc!\r2(qEW\	Ls\\L*GUq\\%\\#e\!l\r@\@\9~\0\B++(ƻ~\\\\\\\\f@\]\\\\\3!\\\n#z~(f3Y\\,R1q[\}\mbX.N\l\l\5\\_A-%84l}=ZX\Ps\<\f\(ɝaEr8\\L6\;x=J6#aw\\M\0\nasx!\#S\,ޫɻ\\0#%\\BO\LcmM	\\\\R\fc\3eo%\'t]\Wف@E\!\]\ࢎ<$Z	$@d@°­\0Sj\ѕ\#\u&\\kкn3\\\'Uocќ1\U\T\\\jЇ<d\0LMĄH\YHnwMq-- תI\r\M94m\'Ԟ(H;\\ǙΫ%od<65D\&?Q\rkK\%`\_u\r|Y)\r2n\\g+f\C\[[\E\7]j\)q\P] ,w7(nnߊv#e\C.w\h\>윜gF\$l=\wI\/\-v?\"\\o3/¼n\B1ls.`p$\\P]nGE\\-t9\Ǜ\C\aO>,\DN\d\\ɦ)oZX\ޑD*$\(4yZ\\\!n@{\\%]\5a\]Mf>\"\\\\&7[Ġ\@\Q\,\\r~ڈY3cSW̧\\r\w?\\5Q\\!\5Ät^c\,w\W6\'p\0\\=YiCKX\Ҳ ަ*|bwnv&`h>xXy\\\"(\+\\qgx\d鶨{\gX\\o#YG\I[Ԥ\'٪9ysDf\\\\o\">$o&ޱ44z<R\\\\ދgFZuw\'H]\n(\\)Zg7n1p[k+0\t.iI%S@钴 H(\?\;!(Iujp}_gwOu\+Htg.\B-֯KEQ\EK\XC\܀\0\\+7\\06I\qq٧`=KmQI]\nͩ\	\05TVGwo\Ydm.Y=rmX\\\j\,ŕ\\%A:N#8X{Rc\\0]\\Z\m\_*\0\\%\\\\rT\r3\\й\\\Z-T\{`\?z{\,x9\܆H\\n\\5L+/K5`\\רZa\H\G\`9\.\;V2RI;\0j͉:S2aI\7\B(\Y\\+\ 3v\\R\99k	[\\d\\Z\p\Z~\+\G\r\\\=\)\D\u7@\\Zt\\[^i(|?ef`2.	&FT$u\\>>A&7F\d\m\j\nj~\JS4\wY\r\m\OF&?BU05\\(x\{@u[S\'sAU&ި\\?3C?OUV1\p\\w(\?SXf3<XSa|lQ\0\#իvOԔ|Nd1]y\0\.\05ĞPJ\\\\e\\r\%r_$7IE\_\?K6x柯+j^=\\\ʢ\\Er\\:Hěv-lN6:\O{,Vu)&	C3\'\h㉎m/ r=G\OZ:.p\\E\;_4\&r\D\.\\*]栦ª;\n\\0M\\Nܻ^\!\{!ќ2X7(\cwWF\uZCm\f\F\\r{.E\\:X\`s\t 8{{N\\"$|Y}\\I]I\\du)C\;Udvup/\\R|\QLE\'L4z\o\d^&)Iaub}?Y\\\G\`6c}󾯪#ZƆ=\0\\\\\\\\\rɌ}8?B-\+8Mf5\pݮ\n\_\n=\\ݨs\<\P\ht\)?T]:N\\Ή$ǜFi1G;K<-HP\t\B\"\${\\n\\\D\B\\Ŗbgn\<\Z\֏RyAQu,N-k\0t\#s\\\\qN\F\!{HsȢOr:|b\$pl\\\\ʜu\0\im囲@7a\0Oe~^\\Y?fW>A\\\-h\ܟT9\ Ȃ\(^\'\4j75\?c\tCk\?\Z<p׊\sx67\.-3H\-Î@	\F\,qKhU+S\V~5yk\N\<\!ߐw\KLC[\'\<Uٕ:c#v@Ccg\\,\\\\|L3S\\<Bƶ9{É\yNC6u?٦d\\_3\\"\\L\\xteY2L;,Dmv\WrV8oEy̏\\t\18\"lrf\|N=Q\깹Pw\H`i\\\r6O\"cu|Ny\t{^ɃZ)zi\\\!Nk\\\^Zڏ\\8q\e6\G]F=o	\Yay\\\\i:*8\Ӑl?\\2\\\47aW\c|G\$swsA\\e\\讏yg\68\3\rq\FG\/==\+M%9I)Y\L\\l\\·GO\\~촊\i*t8;\Tɦ\l/>\\{m\u=@ݮk-!\k-\\RF\h|Ѵ\d(\^\4eB\r+G,[\\7`!^\<2\0\!u.es_CrԖ\3w4-U#i܎>\Y$\\#\o\Dʀ\rhrS\\ZhECgT%e648\ɻ=\oT-hT,qp\ri\'\h݇b[\ѕ\eeMF(vc\e4)3)qGd\0\\\4\Ӷ\L\Y\\ \0U\:#W,?\\\\L$\No09o\dtE\#ݵ\\f䊔\\2F)poce\pݪfƚ$\ɆRѤ\\كUn7-c\G\\Nڤ\=\0\d!Ϣ#sǐ\I>\'dQ@gԕQ\\\\m;ɐ`66w\\r~dF4\݋\D6HZY9\\7%;dMB)j@\%G1r\(bɟ\lnA_d\nuNzWc\\\\:n\L\"Etg\DSF!2iT\NŦ\\\=_%D]mc\g\gl^ߔY\rf;̏\\(n|M9\$K2V\\'l\E!\\\⾦2r\z\\0	\0>A\Xú\\H\x	O`M\ް\F\ \.7Qc\&8>8\=USGۥsN\\ǢϹWibf\0Բ\Z{,ddV4y\@\d\{p!\\!#\k\^vZ}\J\\\bv߫\}ќn냣w\[\\\\q\ʍF\qq\\\0\1\\8\r1dS)\\$\n\0odDz0)u3e\a|``\ˍ\@vڂ7\00^\0uiFXYèy\@&0\nG[Eڴa(f\tkzh5\n@?ZaR-\\n\b`opα\I\ $s!\"X[)\\\\u-!i.Dm`8o\\㰕6EM\M03TC\\\\KwY\\ma\\K1IQ\'\>\[k6>Wⳣm\.\4#\͒v\Z\\\\'\F7F]#K\wBi\\-m\\\*)\\[e\\Z.\'\m\m\ץ+\(-2X=E4\\T\nDdBñ*\@\U\0Ҵ\\4#\hm;w\\\'`\r,6O>\!\H\;^j\\n@\\%ʈ\\%g\AōYVzb\|CZ֐+a\0?@\\2	s\0\( !8l6)\{\'lg#\Bu4[\K d!\8\,[\\;fa${V	*1S\PsK\\Cr\ndĝ\K\kB簰>\|B\G[H4i~-\w\%h:<56-ů(\\\p.2#Æ\'[`k\7ttnc\\\l\\!NK\\TO?DvH!#\\O<>hNsf~\\k\0l\k%ڬA[\i{[#b,{85Х\N7 \'\\-v\p;\M\\\\7{g\2]\n\\F\Zx`u=\0U\\>GӾV]\\*FL̖|$\D\#\!\4ۆ\_UA\@\HV\U\\=+\t2{\ECFВ\\̞\0\\nyi 譏7(\bw0VA%\t`٠M.\r\nDFmy:?\\c\"R`\:I\'vmt]3f?\"Hr\\\\-\\w;\p:(\\\26\n\'5v볌\qq2\3ď~a4	\6\\\\80\C5\U4Zw\t.\'L\{su\ \0\˽X3`l\6H\Â\\,\y@#Yd6Cc\r\hWf4T\\\򤭖V\IEi^MPc1E\uD\-hc58ҽޮn~K\r-h\c\\\\6v\ZHh\\V{ͺ\r\o\AEDۺC+MUX\*ڱCrJbD\\\w],(\\'\0\;mgf\r\R2HRn\\\=Zb\Ď\"4J\ksٔ4{\nm,\\$if\\2	6S\x\n(n:dk\'Qy, Ak#`\n%T,z=Mʌ\$44\n<-p}zU`Ry\h\|=^4\B\'!̌\n\F\N-\lt_\o%\'LX\(;H\I-\\ˌoX(\'\k\\$\_vk÷\h\\U\\4Yr\uGv]7%\vF<Y\\{\0.i4U\n-=;g[\٬~]1\n\"ӹ\r\e>+$a\08\t8\\fc[Iҳw\A(\Z\FH\X\&>\r6cV\PоbKZѶ\(\\|ٴo\rJ\\n\g-uRs\teоF\q\`-\'\!2I7:H\Qxa\r\r\ys\	cο(乁Û*ǘ\hݧ\TCcG5Df\ǚ\'\g_?UZ[`;x\ð\ʫ.7\hCcA5ܓFr\~TFIѕV7U\\Q\0A\_gq-qo.o\}\\W+q\ \0ii_\,W8nnϢp_ S\\ʇF\:ޯV\\`nLL\\76=j\I\Y}.MX\י\9\:e0\}\mU^\~P~!\\J1_p<pͲ\ߩ\?cufh#\\\p6\\\\\<1Z2hQk!\G,k3\v=Z\V\\1w$WrL\Q\\s\Z\\䤶9.v\ؚ\nQJ̶cD\Nb\\\\0\i$\')/Z{UrVgCP\~HPr}H@\~\3g]pwQ\;\-w\\F\\i4\=\<\E\ʛ铕\ڱl㻻\Y\\\kTt){VPplwV\\\s[}+-#HIIdǩ5\ojp\%?q\aY\	.@5w)eL\/Hۅ|\r1bPwvUӭit\8OO~_/\XgSc\S\$\\WG\(u:L\F\\0\\'\n0\\֌3>\Z@\[!̔\uP`S_~~.\\,-;,\\CuM\'\`\N:5\h\\p\-V%\")wy\A\X/|?;~/\\\:$7dR(l\'j^Qɡe,{܎\ZǧǊw\Z=G\dm8XWh,\\K˲>#QؾV)\\\\f yk?Z%׊\\sZ\1t\&\\0\\\0⍻\r4\b۲4\\p@l2\$\\O	\s\\1̓[(	\Kf٬qO/ã\Te\Ɵ\NI@\>B/\ef69\\«PI{\\#괌Iq\\͇&\n\WpQ쭓\p\\}Bnpt$M]l}\r-e\ JºF7/-\\#\\[?:L1-\$%\SH6G*X:ll\{]T\wiuO\lH7\?\\\p\0\\\Y:[\\L\ry\1\At\@\;͞M2\\r\^\ۅ۝\'h\\\\nB\7\myFpȚ\=[\@p\\9\X|\q\%eY͓v[1# Qy\.s.W\64\{\=8\\&\4\Vm\ѥ\\"6)qKɐ.ɕ\\G=h!xl?@5!D`klQ\\N\\ZcL\NH\'7\O?\nJyo_kUeT\\Z칡\\\\\gU\\z\\o\0vƷ6֎$\\\ʪH\\\SR.*\u1p7\\\\)\Is\\l新؜ZFxǯ\7U>3I\iSapcR^=,X\><\0\0x\F=\s6˔_Ӣ\')ކ\a#&C\\\^\s<S\Zu_\r@\[\̘w\8,~.C\YoV\\\fx\\0\eKs\&3\J\NMݛ|Vu\)\Pw7\"\"c\/$\\SKO\n\\1\h==\b\Y:Flmٿ\u~F_Jxa\\>\\r\agɥX\ٗ\1\Ρ	\Z\+9\\)h㴌`\\r\\p-4T\\#\pY\EK ?ʖc\rEvi\w6;\^5\\\0$1\\%٪\\r\\O<\ \\Zj\;^Nb͞*llY\dì8p;QB50[~b9h\R\Yǐ\\U+{r>,XK\e\,^i;\Z5y7\q(1g#d{`$T.1Wf\AtCIq47\|(-?!\$	\؞\\\r<	\'ۅVAhhnCZ.M4\f\v\M/p\\eX\M,ͱ\FrŝCXzt\+	H\\	\q\\\\	\@t\s\\hV?d<z)E6\\r\\0{llyb($td\$\\\0iB\\\F\<c\'\rI\1@	MII\tWdEy\U\q쭎B\/p\)\\Մd\\\rչ{\E]`(\@٘\0\F\\\fIZmx,Z1Z\0cZu\<jG\\pNn\\\Q:]\H\*2cKZ\\+Ї\tr9i\ElRik\<QGk+[|:2\e<)~\"ևRKֆ῕m9%8p\\#|82\9\\\rtnk\ry@\_\d\ƴ4kS\'tf\asB\	vJ2\&DzI~5\\7Q|\"p\\\2\f\\\0=&\\'\DI;\\Mj\ˑ\\0\n\ZV\'c\'r:w>JLO\+\Se[UQϑ\NAnsd:P#c|!\wIbvMv|\)p\Z\ǎH[q ~a+CQU/\O\G\>C䌲\vC\r\(\'tD\\\\\\e`ޏv8\ $q\N\z&h\\\'Z\\'\:E;Y\\\~	cXcmЫi\\\\?\\/\'LfV3K!\CA\\\3\d}\C{6\1^kB:b\vB\0\ri.\'ԩH\R\RI$+N\|\e\0C\;cHsIBJ%gV,\yh?úJI\\\Ԓt\\в/\E9I1\\2{ӝ\&Զ\5e -0R\0kL˛[R\!\.U\(8\\ٿmڈE\?\?un4nf\i4A4#<QrH\'\\T\#qIէr`\\kQ+8\k爏\9\:vk.:IZ\\\U屹q\ri;(\dQ5\*q\0+z0\-t\rh$\\"qln\r$4>:H\/yt*5\2/\0(\0\Q\25V\\9~0\\ޮ4g\0\*\!\u1\01\%4\l\n4\\<g8\mm#\}#\PIj=\Q\\\cV]\\U%dT*3\-rJIi\۲ ~\H 	\\$\0\l+ժ8*ARad\"-\Tk;\4\i\F\E>JI \"I$2	\'II$d\ O~_\8\\">0C\~r\$\ѷ\\{m:GFj\\`6\\_g%\\5\B\%`\meNQ;u2&͝G\nVj|K<JSr\<q8\IJf4\V(Ď\\\Lμy*S\h*\Eg\0 _Ce\:Gt\'\0U\L잣O[q\\ɭ.1D\\f!</@ALˈ\\c\RNX=\ZIQ\04$\sh8\8\3Z]\\ڟ\'p\\ya.1.@5}PDd@Zϒ<lzh޿UϚT\.OCC|\\\(`$kT\Y?$<JH\\/Jmr\Z\\\Ҵj\P2ĆJ30\\xR\8\OU\)%f\\>48F<Zph\]lb\iM \\=BO\\F]2B\\!\\'%>ɶ\{\'ᣥYwǈL\\\rCǸ*vZ\\$#\\8\\"\\PCd\"o&H8_},mE\uɁ\r\{y#iةi\	=\{&8V7I*u\1i%-}I$2))QdKt\07\@	 \ UطҨqI=\dY\X\E{Yh|-J9Įxdq$z\ə\sI1\\Z\k#.|N\\;6pZaV\\9u\0\\\ -\\ʋ\o\Y\W\Y\0d6k<\\"\e\\0\V4\qx\_x̤u-n˥\Q\B\rl7Yf^\vh$\xгY}Dl\{!ܑ\78\\\m\rjjgIg}C:k<<\j8\\Z:sX%yݞ\\\/ ճgeiG\@T~e\x\Mv[\\\;k\\Zq\\=ςs\!:RR<Y.M>voENlg\.\ ЗV\\-\\]\\\RY#ݎ<s\\{(b$WJ\\E|Yz\g\ݕL\'C\r{-L_\\0\\0bڮ_\Xџ7\\\xNuU\}$\ZO?s\Uu\'%P4BoY\\\\r;W\D;z&:\0`\m#\C%t9DTր&Z;l`i$\0RI$\0\\ۥt7 St\Aۅ8\nبHc\nxŕU\2$nT\\V]\\Qp\IhY%N.9O\"Y\\ \v\r/mV~/&A.\rZ\\Tuk\3s}\J.]B\0\vp~s\?u4O\0!d`̻\EI9\'I4O\W>x9I4z\X\\3\\\n\\5Œ\z&3\NދHf]>\l)p\\\"8Y\\|kd.qJ\;\\'`,\yD\IO-;C\Q(`<\4\\\\w\ƪ)9ۖG\"\A\-xҳ\\\\H\ت\\S\hɄr\\\>[Y\\\	\\\'\c}!j:͌\\g+_V>N_eJ1a3J\Ku:G䄈ŋ \T\.d\0\\y.i\G~\`p\\\w9g;|IZݼƷ]Hr#KeGQ\0\~ޟ6~\\\\\G	q|gZ[\\\Dx=̺iq.\?\\\by$\\*挟\#E@e\\gOd{o\0_\bCbQK~\\Tb9\\4JM}Y\|[IJ\k\ߕ\nSj?Ih8R{G\\gΐTE9#\Zh\D\p+n\{N\0h\\$\N$Xw\@>\ys(\	$\Z1L\hSQ)\#~)?\'\\O\\*\E8\\0)Mwm	\\	dGD\\\OP\\׵\o\\#\|C>V<\kkτ\MD8\r,re\\kf\\\\9J|F\9	dR?>Ց	)b\r\/8\F\\\\'&gM)\\\0Iti6\9}\\<Z2U\阰aI\LMxwq\\Ge>Rr[ߚ\'D\6U\\ћJt\s\,\Cב\\t1(\\\\\MFN\\Ժ\˚.\\ \\`.}w$ԩ\q\Z|\\`\ڊ\\wfzE`CY\\x,;\tV\\r\O\"F7<\\\	顷\ng$\\\\r\\Jo!\EjW\0\Z[\ūQ\\3#7\rE(lG\\w\\[~\h˝Nwo\\`\0p\Wt\%\kb\ SG\'tsddI\D\\SiISuW\"`ƕ\:`ˏ^\Z\M\\kmn@!Ck\_cUC\j}\K\\\\\Ec\	\"-ajhp\ᮊ&EQh\p6\ǹ\rv,sVG\vG\6Zs1\\-.\|-\%cLSB\9\\0&|x0$\yq	$\\\\J\U7JO\'\A[s\ȳ\ܖA\3Ioc\k\ft\8\Q\4?H<\*4\הeO)s\k`\0W5\tp4\\uk,t\YQ\\-\0\\0w\0\b\\Z!cag\\ZK\\G\MJ.x7e\\r?\gb\n42mbz;\'!\^\H\e\\03,z\kׄ\u	&#s]w\X㸢\N5\\\\\`a\\A0\0\SR?o&QCngOG\&\\\\n6T?\Ȝr%\\"i!\\~\R\jC\*\\\͢ Yo W\e%Ux}(Wq[\rcY\:\+(inP#}@nw\0ܰ\ԛO\ۉMt\0}\QmJ\Zy*\O\D\n$MM1I\0`wJ\w@L\K\'-\'p\h옟.\8)J-J|n$iPnT\4n\\C7ď\\\M\>\Zuʕ\d`s+wEͫYu\̐\\(k.\')Q9\\0ŏ׳\v\j\'\+!<\@Gau\,7}!\y53z\QnNip L!8\2J-$jB>\lp0g\\,7dzլΙ\D\aHly\ƙ#㑧g0\gfGx\Asָ\BQoo9IJ\bȇ\c \\Eʗ-\d\\ˊV֖	\/b}./@O.m\qE3-\ax\\rȤ|1\\3yF`\/=0rG\0\o\M\\\\as:G62=\0\\\\i0r|\K\.ݍMt`tG\u\\8$y\Q}fA\zC\\\*p\\eL\"g_\(7\"ߋY#\R\0{2UHCc^\{Z\\cgYzl\!$d,_aV9\\Ds1\Z\e{\n\\^>J\f\\#V{b[\\\>Gl\ 8m\CmW\\\\\?Kŋw>\Rѥ懠\2`16@Íաz\I\b4\eLyٽ.s;\jJxI?pI\ܬ\\_Ŧ[k\Zz¿e3g\\gr>\\}GƋ5\ƀc&%fN\\4yS\5o\nv\ީA-/{\1ܒ~-?\\׿\0\H6\X\S\\,|3xn~\Ƶ\\\S͏\\{%\w&\0\\-\*5~OL++$d׿P\-\\s&Y\"6\1\n\]@\0\r:\J\߸_\eE\)\0\\ëp\?(7N\\\\\\rlj\G\'\'+?\r$.\a\0\n\~?tJ\;*<y`>핽\\9;L\\Z\\\0XU^*^\\zW\D\%a}U\0OŲ\\lph2ICtiǊy`y\;lP]G77\"7f\:g1RޤfY\M\\BUL6v\_\6\\"}P}U\0\([3RH\\\0\G\0\;\\rR\":q\0lY\5$\o>$[+N\H))iHX\\\x\Ԭ}x{\'\\\M.EdrH\#k*\<N/\D`6UŐ=HS\\^7-	c7T\\!3C 7X\uX\z@7b-\A4[\\C*\o\\\\\\\a\d\\R`lNH8\\(.oA\0YۅWf[	]\ub1Vj6^A?\\AӣӇ\p sc>i8B\t7A\D>\\\\2UC1_Qۅ\Gu8\rV?\x\\\\\b9][a\'ЩcG?<PHZem\W\\[vG|e$sCf(\\9DI :\\\S\y\%\Z(4\nZ^ԺuJ\8];9k..N{\"{p\\{xz^K2\>W\;\\o\\\,\\\u	#\'0۸$sq.Xnݸr\WE\v\[@\:Av\pq\Цqf\0zwT8uj\-LP%f3#L\\\`\s\06E_	L];3%\\8mZ֝\>,NOp\U\\kË˜\\pv\'\]39\\a!GŠ\\\\\Ю?N3\c0MiI	x1h1Wߞ{+\0oO\l,(%\I?tذ\a=U\\\\.ff\0g\\r6\0\Y\A\rzdN89\\h\ZSA5m~6\AE\IF+k@·C\^\\7\~\\\[\^?\0)[_c\0[\'\E1\\ߺhw\ؿn7\\d6\6\X\!۝e5kF\&2\r\LTV\\\(Qf\-\\nh;!bS]\\\'\AM)Ie\EװI\\z~\x\"\}cl\\wNE\*2ުU\m)\އnVS:\"\rt8\\S\q6*xi\\\:Qvpm)d\\E\\ul`\Q\ZOt\,rGE\\ֻ*0\w#]Vebc/W4⨛\@~,4t8#[\\0賲?w:G\Z\zltf|8}\\``\\ӵ\\N\'+\8r]#es\ZE9\e\Lʅ٪_c@xqY\~.#\'U|\~ʎ\GK\7<\\L\\!οt5\n|Ĭ^\6I\\2Ϻ\.s\ZPɳS\x\0:c`{\g\S\#+Hq\"xPcNl\\B0/\nJ(rw\|?\\\s`\\;r9,\Vz-2@\\d\-7G]o@\RK\-j\	#+\I\\\\\X$Gt\\\\\k+Kj\\|\k\\\\]\0F[^\\\7\~i@\|p\6\r&Я6uӮ\RbH\\\\y2s#,-}\ەR4\j\n\x\◶\w\\ǗM2O\\܀GLrc\\\(L\}\rL\;\\R\m|6\/׺\\\ȸ\\5\{\~0\0uj\r]\\w\:G<F_\MAm\?r\'\fٙ\K\^\\0,Ch\K\r,D\Z=4\	\'\_\QGw\_IƔ\r\05\Б1b0fbh}\ri\_\C\h;1m3ez	~*\j~T\1u8U\!j\y	\'\̭\qĎ\*GةB\ͿhL9\\G}@ \05o\\\:\;:E@>)v8X\D/\Z\\\+blOl\\0\\{t\Z\Z\W\n\]\j	\vJ1]-3\Ga]~k\⛋\\\<?\\Ėv]wWck\y\ZD\r譬\"Yy^OɰhB\\ܿ\0*\8V\~!\"X\f0i qk̦bH\\ZP\0\0|\\\ b|90\roԚ	K.-\Y\\\/SG<Un4KcFP\\\~\)lI,rA\\p!Dw\/\\\S\W\]ޮ;\\|WE q`J\Y_\ hZꆖ\0}:\:&Og-%\@\OJfY-\c \\6M\S1=%\\͑\jN37L\Z&\A\|\+\4#mcu\G]Jb\y07;^\\\\\@a2c\p3H\\/%ق/\LV3\9Bl9\\	 6\\"M\8nf\\\8Z9ވ\!:.sȋ1`k\q\dnA\\'@pv䫈Xq\r\0u]\	\\\1ݧdn\9ゲ|L\9\\\*?l\\\~\'A\\j|@\\Zo~7Yl\0x\n2s \r\\\H\`4\d\'$]=^8wi8?D|[c\dbJbw\&,\JT	pIUdePiXd*\RPT2pk\x dĐSSr\{,wO	\0J0\S\؝ʗDr\U-iPhd\0{dl\\\\vCV18\u\}\z-\\r\\5\E\o\\BQ51\\sd\\0\0l\\E\^]ZP\\\\\z\~\z]?S\rq\\[<\0Eq\f\\'\-\0\r\\˃\~`$wQ\~\\\]C+\Π\6َ7d\\\\0SN.0qi\U\ZH3XdJ݀ۑ\\d԰&B\Ir/6vd8\\,\h(ߊ\f?[#q\1\\7?$tu)40W.pX5\ާ\o:}\M:H*@\0\AW8Q4OU& uIJ\-\X\\ɑ(n\K\\%԰\\~CKd\:\\\ љ\nA8Z0ެ϶b46\0\Br|.c\\\Ltu\dF\zTO!,\\Oz\0/?\\8{\湆\⫲\?&dYQ\aȍ!\\\U\\0\{N{7\\'Mr\\\\\$k\W\'>\]?\y\l\\\'d	c\&\\Z5j\0GvUͤH\'T&\1\n\\DTpGἀ#2F\TO\t=U\Fc\\U\\`?#&=%ڎi4h)txKL\=Z\M\Qsx\]vG\\\&0w\ZQX24].\"\C\(;\\"і\Z^K\,c&G\\rg4\m\r{\\\O`#\\T@\\n9\\\7\D6&2^\\ZO\\0\)\'Yݖ=wMvY\"\'t\P<jY,\\MˇIY$<z\"D67*XZ\\*m]ʋɽ\\\) \u27*ԾǺ\n&\Ҭ3>;\Z\	p[Jҩ<\\ZN-$\pxmr pk	kٵ\o.nK\Z\"\Z]@O*]N\U8v<4cMbfosb\rh=\I\U6.\؞?\7[(i\[]D5\\Cq*E#a\IY\࣎\\\\\\0C\x\\ZhOZH;ش=dFMx+\0y\6\\I]\'M|ڭH\,\\\Ǯ,06[X?\KB?4tCKHl\\/\D\n?^eե9W2g/\\'\0Q^.S\\u;d̑\۾f/<\Ů깥\0r^\QR	p\ZStnMỚ\*v+\Z&W\\ZxP6[MHLrX2qG\lH]Ey?\9\3ϲ\M?U\Y\~A7\\\'%\q|__J=7\S]#\'V\n\~GԞ)鸒\\A F\Z\rI޻\W\^&GLcf}\\\\M\eؿB\4Eډcv$8mG谺|75c$7:bN@\\ZvQ\+!\\\ZH\:qFc\\X\;{۷g48[}6\4&\`:\5\R7\x\5B\{\[]NLt sK\\\"\\z\碛\1K\ס[,i\~,3j~f\\4#7\\ػt;6#unR}v2j.P\nt\7Ysk\[\\H0@R9\Y\@\\<\;)0̪p4\0\'\\\t\\kF$\e_O\\ŕ\\IZr\\j\J@)RfY`tnڒUb\mC\\\rK\ T_\Gb\0)F)wOI\(I~Uo\ntCqJ\4#]\ᳮZ4/}{X\ZѩܟETw\^00@7rv<z#aal\۔74\\U;$-Uޥ\\A\YZ&3\\iDp-aq\\>\\77g>\;h\tZ\j7\M\<\\P\\0\\\\}Q\\\\v<щ\"~\\\\Z}j\\÷F\8y\UpO^)\0.yߑ\\^6K Ěk:X\:\\/q_SDɋ\ﺭ\$\\\GegL\ŉnI\\\Z\C^A$V\;\'e`6)?y+7\\\\\03pmb	/\}:\ep,i1\2`̠褍0K]VYP\KMz12fw\Z7\v\\TӖ٣J+&v\IoBG i\RɀD\\vI\\Ѩ\YH1\ɾ\\\0>!hpe~aؕ\!\rɶ\`Z\Z6%\ZCDc{clqkWB\\\cuQ\\0x\ᔐ#-\0nŋGb\6;\nX~T$W5\	G\n.-a:w\yOpA[|\\R.]M0\0Tx\\\^\V6\֎>\+Wk;q\h౤\dQ2\T\,k\rSӁ&\jG\\\c\\D6)\\\ \Kc\p$\\FNI4r46,(ư \[+F[*\04T\U\{$2AN֒vL]\	&\F\\+D\h\\\@Ӻ8\"´%\\cLy^1B7TrڅT;7z\X׷\\N\\\01\\Z\\x#\@\;Z9\0^ܑ\ވ X\~\,ŠPK5\Z\r&ÙZ\EH@4[\~\)X4>\\\oa\\K\\"ƱE\0Q֙\\6\p}5#[\\9>N\0\ېQ\nD˲2S\u\0\&c\偔\_x\0=\\\\W?Fc\\).\'@.̯\#N\C&~ˌi\^M\n}\"\ G+\nKȮ\{~\\4N.6\W\'\\Yy߶\m\\0\,Y×M`=oq\!!\GH]\Uǧ\0I\=5\ʗ H|6\\Àc-p\nGb\q\7>\r\&#@!\%?3n\n\s,	\uX\$\\u\Ė\HB2I&\'T;R~1\x\\',g\v8knA\\p\\ܸ\ZA^lG rՐ\0	pf\r\\\,[\ɊsZ]\U4lw\_4Y\T1dlǺ:).\\4tCk1<\\\\4\ TeMD9M\UIas)\\A5\"qͤ-\8j-n\0过`D\\\Pօ\'\\\`\\ۢ\"hSw5VثD\\EX\{4znf\\DD\ht\)\n\T\\\!\F\ڪ\'\\&Ya\\(q@f7¶ٕ_\0\")\ZZ\z\\4Mk$4\9\0г\Nf!.=J,#lU<Ȧy\%?\GzE\ϵ\<(6q{\\X\ꖭ0>\\0T,\\\$`\\\n\\$\\t\qr\G\0\sr>\e\>Gj\4?\\n\Z\Z\Ze\\9\"t\W`\\]\#\\\tlY\q#\8\r\My@\|G7:Z\CC\DW\0w4C\\M_\\Rxywbq\'\ױlY.h\Rc\>3ØCȲ]qp&kTXS\\D<ts:0\Zwq{\Z5G!\=K\t\G\\0fpY\\r K$	/,Xզ\%\EG8\=\ES\ߴw?%̚z\\ i\y\v#ޒb4 \tQĵ\\\"\wI#\Vc\Z$8yh\\0+U\Z\;\8h;P\V\ZsMDQ\nH\\\\\r^RP\\m\\\\66=\|=g2cE$)Mjmps \!0Zhp7~\d\\'X\*7\J\F\Hv46Ud\\\\npLF\ZZ%qfM11I.\\'fIT\@\[CVvN\p\\ 񷽪 G\ƸN\v\ʞT\\n\\kiz C\\,4}̗\\0^\Z\]*Mx\^(&\\0&ͪ\߸=\\ZQ@ZF\\r+|\j\.\\	9lyLD\pd]ߧ%\4Y5ޕ)KCO>m]\yc\m;jCFŭ)\\;\ڙ+t\# ]E\\\\v\M\{\Hoߢ\\\ŠzP\nx\\\Q\\\Ƃ\_$\?\\g\\\<\\<\Z7?m\Sijt\C%mdNF5\\"\'p\7\\K@\y\J7\\<Kcla{$\;r ɧ\]\$4Zl\fs[՝3)E,&\<nw*n:\oH@sG\ZX\\'\%j!\V|\#pD\n#w(%2W+bA\ZN\o\d\\8WqT2^_!4\\㹯/=9-p=o\rc\0Ə.\۲\yxF\J\ZH\;\=\\0ck]nx\(m\`mZef\\\\zC/]U#\\'Q\ߪ\\p{i\wSʝΐ۹Y\\ZD\0-\'s\YT^n\0\r\U\\5\PÅdDiHoH\I4\\I\& \p|61\\91^\\8,shU6\ZC\Rl|3\\n\V0\@\o\\XƂ+\\~H\ۅ$rci-?1\q\Egi#k<,ᱰ#A\\\ts\\{\6c^(IL(\YIxZo{MkAy`2iނ\El\;\~\n\\\0HH۟\r\i	\^\\4+a\pnW\dsltx@Q\8\k*ֈkC|\lh\ZJ:cg78ld8\\\+QcN\\Z<6\\\c[<h˫I\]%\X\?|\@\\"?\Zc4Mz+\\fK\^\?}l;_u+]H2%I]\u?_\\\\M`X\O\D8I\#\A H6	HO.DMN\ªGH,9䛽\\q|n\0KOQT!\\(\xI1Y\Ad\/*\H\\{\;~\e-o\\(,\\Z8%jcc\RJV1\\\nP\\[onJx#k\07dp;ֲy!Z\0@\IzV\\XHs\V\T\NfM;tI`l`\\Z@\8\EEm\r	q\dl9@V\uY焩Ӱ\UȬe\nk\D\|\\RE\"Fd80\\)\C\\\"\Zwq\%k<tM\','English',15,'567','2/10/2023','10AM ','1:00 PM','4:00 PM','7:00 PM','10:00 PM','streaming','fgdfg fdg'),(3,'dgdggd','3','2d','action',_binary '\\\0Exif\0\0II*\0\0\0\0\0\0\0\0\0\0\0\0\\0Ducky\0\0\0\0\0\0\0\)http://ns.adobe.com/xap/1.0/\0<?xpacket begin=\"﻿\" id=\"W5M0MpCehiHzreSzNTczkc9d\"?> <x:xmpmeta xmlns:x=\"adobe:ns:meta/\" x:xmptk=\"Adobe XMP Core 5.0-c060 61.134777, 2010/02/12-17:32:00        \"> <rdf:RDF xmlns:rdf=\"http://www.w3.org/1999/02/22-rdf-syntax-ns#\"> <rdf:Description rdf:about=\"\" xmlns:xmp=\"http://ns.adobe.com/xap/1.0/\" xmlns:xmpMM=\"http://ns.adobe.com/xap/1.0/mm/\" xmlns:stRef=\"http://ns.adobe.com/xap/1.0/sType/ResourceRef#\" xmp:CreatorTool=\"Adobe Photoshop CS5 Windows\" xmpMM:InstanceID=\"xmp.iid:E68970238B4B11ED93B9DBCEABEFE31D\" xmpMM:DocumentID=\"xmp.did:E68970248B4B11ED93B9DBCEABEFE31D\"> <xmpMM:DerivedFrom stRef:instanceID=\"xmp.iid:E68970218B4B11ED93B9DBCEABEFE31D\" stRef:documentID=\"xmp.did:E68970228B4B11ED93B9DBCEABEFE31D\"/> </rdf:Description> </rdf:RDF> </x:xmpmeta> <?xpacket end=\"r\"?>\\0Adobe\0d\0\0\0\\0\0\r\r\r\r\Z\Z\"\"###)*-*)#66;;66AAAAAAAAAAAAAAA, ,8(####(825---52==88==AAAAAAAAAAAAAAA\0^\"\0\\0\0\0\0\0\0\0\0\0\0\0\0\0\0\0\0\0\0\0\0\0\0\0\0\0\0\0\0\0!1AQa\"q2BR#\br3႒$\C5Ss4\cTd\0\0\0\0\0!1AQaq\"2\RBbr\#3\\0\0\0?\0\5F\\$\06P	\\R2\SqmE55p,o@\xp!bܙt\{\\^\\yq,r\\\0\n\\\i;gH!/\Ec\Zxs\#UI\'h8vA\/\\F\0*PZ\\u#V!\\\\󩁚m:\8.r\r\rw7\"\^#\S2\	t6ޔhD@\Uh\\Zҥ2a/\>, \4GwV`iF,m`\o*!\2bFB\\}7l(3\K>C\\\!7z\\rm\'OcŽ6U=b\\PǏ4d\\[LS֥E\0Kr\"\o\B=0%=D\ǕC\Z_kU\0	\VnpO=\\n\ca\ۚ\\C\\\1^Qs{_\Z\0$2H\\0h@Z<m\<z+\]\\h	\}jʤ#Y\11\r\\YmÂ\0^\\\]JmBUTg;:Y\0\\i\\v*{\A F^\ZZJ򒲸bU}\n6R~&h8i\N\0}SQ\}(CmؚZ\\䌎$]FqF]}۬c\+\\W\]m\\P9\cV>uAT3s\Rw>t\Y\\ScPM\\-*\y~}u\ZWo\b\\\\Zx|\\3UH\\\\'\eP6]?\\\\0k\om\5e\\h݄v\\6;lpL+Ert,\\F$0\\mDX*C\\^B;\o\󦡈I~^rE˓$K!xa\[m \\D\\TE\6fPX{hB\n:ȝ;\M\eb\Jl*\\疐\\\agϖ!6\'\(hv]Z\X\\\w	3\䏎**\Y5\u&㘭\Õɻ\0\\\@cB2DޠyM\C05\\\\\n\mj\X5_\4D\V\MZ/\"\$R\9\_\0k) Xl(\y:ψ8di8(b\\' }:XycG\D\\M\ҐΐK\j .u-e$PD\\z@0\0oY=\.	8\<w}Ág\e^U\;\,LP!&\\\\Q\0c0v;\c\S\0(Mmׅ\Y!\r$u\G0O\n\'\\zQ3e6Tg;45\ZMYaK+W&\Z\M\'x\Ԥ\}\\R\qj\O\Ū`O\\G8\Ƅ\N\\|Tp?RMAy\p\\k\\|\\\H}TL\}#ym:\r\0T5ǅ1S\\\a\MƝ*T؃\@HY\,&\δp\P/0\n\Qm\5dn%\\E\Ϋ\J\fbX\5\I \IΡI\.o^&\0\TyQvVf\K\h`)\\<?IXthK%Ct\Z\@\w5K\m{l45\s\U9}\j\M@8;~^T\'ި)\v,,hcEM\ Y\ķfҵ1L0\xt8,dUE\i~\{a&AE;\0\\~?#\<v0 \Hg\r\0!\\S\<\I\'(9^\~_/\n\׳t\M\a\\xva\҇O\\\r@\"`GS\'ZӦ1\"\\n\0\\!pʎ7\=Xn\\ɷ\?\Y\\\ӱ\0\}:P&\\#DSv\t\\05$\I@-~_x\M(*Z\pG\\6\hV 8\\\*\\Qx\׍\\6 =\\\Z$pT#5$\.>F,:W\j@\wwOlf\\\3uP\\.5\\\٘Gb[\0U@n\z\] v>U\\J\\ȫ/\\\0WҘpR<ǁ\'Ϸ{^\\Ψ\1 Mv1\Z(ɶɾ\&\\T7u&[!DӖO[tO\"? 7#4&â՜\'̝@\\>$aހ<\F[&\鮟\n޿{ܐ<%@[asn\Zm.%\0\\5\[\0u\0\|jԋ*\"ABv\\j׵K\ޯ^\\f}\t!\5\"+B\\'O\ZK\(=ՕU\Qd\Zs\iqy\Z#\\M~mC\5-\4ɲ{gb<iZp5Ql\^yQm&9\\\}oZ\G(\⶷ޖ\p=c\Z0\\VAlH\M:;\6ڛF#\XU\'P<<\\.w\֜\X}1֘\v*\i@yoA1t\Wa}z𪼁\"\q\\{UtIe,<,8q\\O\r\Z\\'\J`>ߝG#\4\ܭ\/4\\\IA\'RiE\Z*\\\}\\u,n\μ\ē\BREٴ\r\>t6\@\@\؛NZ\\\\M%\E\c\SJ\u!\X\\ \0zW.\\\IWM4P\\\\\qSk1M\"$#)ݭJ`Vd,\0\0\'&\Z\\\O<\!\/ro\\VŋbK%-@Ҟ\DMY#\nG>\\\\4}*cRVo\n]OaG#3\\jbp\Z\r\\!bR\\Dd(Ǚ\ȾҹcS(\\\\}\\QR:Z\T|=6JzUTjXBij\\01\6T(\msH\aM\\0*i\D#Xk7Ek\ʖkQzss\ J\k\0M\ZYu\\\Cr/\GB\\n\H8\k݇Qʴqa\b\H>~R\A\r~]6*\\\\V\\J\9@a\\T2\,\[R\QK`45\cF;{EW\\X\ͳgSm/Sl\H\\\n\\\\\\xڵ\0<yH8\C4f\G7Br/\\uYE\'\Sovv\\\\l\\peﷀ-6U\\M\=o;u\o\;\i\\\^*~&\0\Zmܤq\\cplE*a\\LĊ\\ՒܛmM?ON\\ƚođ7Z/\?\8䰳n:ѹҀ8\\0\\\.wLx\M\zR\mh\M:R5I?eT\\\"_\n \BL`}\\s\Jd\$\\0\\D\B_u].@\$b&\z\:\@VA,-\EO\\[^@4\'q\0\Kۈ~TA\,u\'_ç9nR\'$\oD	$+uIn֥\!X\pIr@YAאS+%\ZyE\[SNG\\\r\n\"Օ#I-С7<MCm\rȑbQ%I\ײ{^X.b_ym\IG\1kv%H9\\xԹBq\%([2yV;1+\ݸ4/,*H:\<\W&\n=xګ\(}˵weG#\\#7K7չ:*VX\  D\"x\5ÍƵpԒN\C[cn<(Y\ʏq`<Q\\\%\EyZG\\\\nO_\\r\>!\~##0\F;\z\R\V@%\5NԕHin\\BZku<*B<OZ)\'S4҂[Lb\QpXx\rw6 T\@?\Eb\rN\\|\Ո\rƆȃ[\\n\\9m\5\\\\#~ևmeub5\Z\\\kV\\tS\UWpRN12->#\ˍG.:\\\O,F\OFkLn:Dj&emt#\\\\O6\\<($~\HqԶ\Zjd\\߅\\4[\r<+:#\"*\FSO\\PcFЊ,\+\G.wQ\Wk\Q\\ҾnV\\`[C@ZuN\\֛\(\-\+\\"\<GZjՓ\6Spu\n*\(PkJ\A\0d_j	m;ޢ\>\<)@|\\Dn:RNZe\\#\\DP]:\Z>\\&\y\\j\`mk\vEM(Tv\\\Μ8b\uRx\;%mlZ5wk $\`?Ɯ)\;5\R:\VY\F\\r\\}R9k\H6?a\/a\\.<\b\0A#]*\%m8E\E-\o*gY6-e\"پ\\BIo\U\\\r\\r{Bn8\\!S\ґ@\4kb,±^v9h\V\雞ҒAKo\\MZ\NGQ\bzVSȿݣ7edOϟU4lgb\f\E|hQ[NHt\a\\0%\\`\\j\̳Ĳ7\\\/\!\\ۯβz	aq\i\r.h΢\\pI\r\\rX\rcs\\\dm-NG\Z><YK\~-\"jaU\(\\\'WGY5,泳\(XШQ\0m^I~fn3ċ;ız]\J\\Z/[QI%\j\*\FnCG\5ǩ_\0}(||(є2i\[hN^1BZ\5eQ#6$WB:a)Qu\\\0\n%\xոq[I[£5\0B JYV\ݺ՛U\\[\\0\#K\0!I\e:֏na\(\Zzt|R%\G&zx\PrxBd@	ښ!PW<\\\M\yR)&c2t\k\o\^\Ӑu\D$\\lF\\H/}E)	\q,3\0Q<ȫ3:\3>\0SƟ\C1ģ@	ֽ\nR2IiO]\\0A\0WO\#?ȶR&;<2X\qI7\ƇV\0\;\Ѹr^\n\0(98\\\r&\Spl|:QF]iV;E\Zt\mW_)qK؝ޘ\ WJRϯrX}\o-\"S4l~\jf\Xv\IrK\CDA6F\@8Ͷ\¤Î@\\@\\\\Չ\\n\0&V=?V6UGlafT,\0;+\0)s\f\]l4j\҄(\J<\GDIݡ:\dk\\0´qr|\^	\b#X\(Y~,T\r+,,\)\bh\	=\r\\ȩVkV:Db\X\	=@t3HH6u;/4\;\c]Pԍ(\G\"u\\Z\\Ţabv4\\jVU\"\Qn\\~\\|>\"\"\KT\RbM\ֲs;#/\ڝmњ}\\\\\yFǔٿk`/Ҹ8UboK\=\ru=+ݏ\n\=\'\'j_\\\\D\\\\h&hd\\O)\'i\ՋZ0S\\n1*Hc\,Qh\6\ͭ]ı\.?Ɩc\0~>mi[\\$ɐqF42a|M/4|Tk\P\G̞2\n\\-e\$\므\ԗ;B\LܛU\Tp\U9,\\\s ٷ=+<m{X\>aבx5[\\0\\ܝ\oT$\\\ojG[\@7\ƴ\"ی\k#\no`OAW{-mYI\ZVе5r\6,`\|i\4I\Aҹ\g[0:\̏ŗƧ\).\ry?|\\\\qL6VT\\ͥ\[_Vin^\Ú6#-Z\'\r\ud\0誡Nu6\o\\r\Ȕf-ɘ\\\YUUBUHczV$\m\o䉯b6\$dZ\n+ltڙ*W\fN8\޴4e\0\r3?axrg$\Z~3h΃[}1 e\\\\(\Ȋ@[\\\\|\z\\\n\f\}\n\ \\O\k{\\KN\t:x6̒Lp-\\:M&\\\s:U\Gm𤲤u<\* \hz@\xRrHS\Tibyf\e\]j\.aKrH\{\\\I\9,oʧzX-ZTOT\"QgU\\׺\*Jx+bO\ea \[\\rk\\㨰bVױ\\:}l	\\5ҳ|/G\r\0r6橨+}(n2Pu=\!KnU\\S.2YN\\\|oQ=\v\p[CȔM&єqiB\:%\'U\IL?l\ҖZIě}-Zg:LYb\RR\1\FC$j6VTg6̚<T̍V\\uJ5\G5G\s\5[4\\r+%L/\rG\f[	ޔ)szV\'o*<R\\ۋx\ZjIiY,)?uOm3!<\\HX&\GJ֍i\y\#l\\r\KHڸ`]\rjdɰ\0`O:\kŁ\\#~&A^ޠjh5X\\U\\ZğQ\j\iK9D\\4i0\nr\K\q\;\9Rxy~q\\\\;\+w>Ԡ\5Ȉ\rc-\\ZS\6F\'j	\U\,ZRȞй\ӑ,GQLpV̺G1\n\'Q\T\(\ԀaV\\.=:\r\\u\0b\45hخ\n\\Wз,\ץZUb#Qr(\\'\HoM\֨zޯ~vP\}[<}v\\\^\Rmf-bLkҰ6\Nrp5k?6\3  \r\7\[;i\F\ph.\\'\S\i\\(\\Z -\\]5\ۖSs\h\\o]ߘ\n~\\!\$(:V<8\\2_\̚,\YR~\\$IA%\Uoc֓(#>\Q\\E\0\QR;*O\R\\\\Rm\/I9\id_j3JEb?5\-l\:\;ߧ!:6Z\ \\\\>7\"s=>4^;\mo\1\\L\%\5\\>;{R-\_\?\6H1I\Gi\\I3&b\\q`\rmn\Z\mC=JG\iAY\ٸ3Uz i]t\\vӰr\SkmObf:\z²\\Ѷw+RV\Ԭ\Z\@\S\\\Hcd\+;\0eT\o#Ekafr\\\Gۓ\\\b\p:\nn3b2Ӟ\\U\}YΞU\\\Sf@\8Kͳ\-n+cLP\:\ZY\W\\\%\C[RҌZ 5\Z\\۩\]V\"ܝ\\Kԑ\^\.iP. kg\?\D&Չ;wm(\3밽iE\\Z֥%>=_$\*fE7\\*Mo/*_\,G\R󂓁\?m -q\|\\0~u\\\\1\$DYǏ\n\|YYBIV:Zj=@G%\}iȕO\Y\}\\0LUw:\e7\*\ྚG\\FB\eշ\@\4L1\\Sue#B5\n\*\\5Cq\\0ҐQv^\u|Fm,N\\0[K\`j$\\3\r`jy}-\uV\@\L4{\ұu\nY>T,\Tى\Z\H\G/\yS2I\z\hm\c \"vѝ	D\nʰq\o\3C3D΂Q`Y\oOVt2yMh.	c\G\\\jLx\+\^\Ӳs\GS\(\'`\0\Y\ZDi⊺\'Vo\nfd-\-{nk\Q\Y\n\Ù:9-R(b^\0sc`>fML\ۛԓR\\\T3Z,\\\#w{$1L5V\m\{VX\E\q\Yyrc<;\\UQf2_:\|m;\\\\\r$1\1 G\(6J\P,\;\rl\\0X܃\~\0\n\1ibrPH\\\Z׉\\\oʦkȴizZZ\5V\ \QX\lt0*rw-ۥ\a7FEkj\zÓ:\cY0,jх?\\zf<\\\r\0_\gVɞ0~f v0\u.U\WőЍЊ\\ !\Zj\WwHјȃQWWV\p\\Ӡ5fq(\\_:4񄐡T6:6X\0*\Q\\\SiDE_\ZXŘp]\Z\\o*YF\\Z\\'x\\r\f\r(N\%\\x?l\$\&\N\Be&\\\\E+D:\\M\[j\|72\\G\\8<[\\Ѹ\e\6ź\Z&.Ts	`i\S4	\s\V<4C\A$p74\~fFo$_Hux\\P-\ϐ+tk?w8rd\\?\LO;c\#qbUTWnܤX7 /s˕ޢ\\\GJn\7n#\/\9ՙkֿg\)`CR!fN%IxE\\n\\r;/̼lM}O\2o\F\\Zm\i>\\7;#\\0)\֓(a~NFPGơW\^8[R\6-\΁걽^B\ě\k a}*ŋs\0aXu\Ȏ@WI \K\Z\r䓗+a]bF.w\\*1vP\\ƪ#ev+POu\d	؃Z1RX6zVvB*\\jz<\ER_ې,k\~\$f2XPЛ\\\\\n\\!\UЎYcn\"ceE\Ʒ:U\C\\GI\\"\\\\\Qm!0<\\\\4/+\P]ܻmj	fEnd\\v;=ۖ;.\\mܺu\O&\\xQJ$3hz7\\li\(\Ah\[\QZ\Ϲ&S\&<KluD Z\\|\Zn\BQY\d\"TJ2(\\+N!6Dm$d\:<!QqQ\Z\V$\7]7*E\k\i\ >\e:\HQVeD\44Gb\\nI\<fܡ\\nU\4\M\\\[΢Y$jY-{_\n\dTX\7,	>#e\1N\\DN>56Ri\\W^\-\F\ա(I\ʳUt]\rŉ:Zh\ύ\\Z-\XwF\\wJQNGȩs#\hf@\\\v6t;~Y5<m\\\)L9%6-©WxYs)>\~\oMCL\\]`\9\F\~ݡ\s\\}\'j3\S\\,/|kϓ(\.\}5\Z!m\:\!z~ʲ\@}\P\&դS\\\M\\\\>tA\+\mv\0+^\Yq}@\/\R2Ē5\y@a\/RS\	0e[0\pP\M#Jg{Xά\0/\䀤uhQ\0NE4f\XGr\0aKڗ3ו\OWP0\\<$驽|\'h\Zew,\?\'dZ\ZPl~\"\\0*O\\Z\1Jqq\\m\Yn迉5\\kVdfC81P8\M\5`Xc\rq]/{)H\H@\\0UI&	ۯ;R;3bT|n\%\c\r\֌\\\n\sƍ\0(Q~k9EA4F\\nu;yֿi\3C\\\O\\Z\ǆ5\0lۈ`*1擷dG+z\{,q>\"Y\(\B.ޙ\M\\( \@PA\:W&54Abx\"Ŷ&\,\\ka婡dcM\"(\n2\\Fl|xƈ} \`7cYv\l\ZFQo\$Vn_6Lh\n<|Ml.\\rƬ\r\\ى*2) ^\}UW\е#aQ\\Kdķ\d\rD\\9u>uС8Չ\M{X\\7S9QGXnU\Q{J\ݕ\Z\O\\DY\%1r3\2)\b>5\ŋ<J𲋒.N\\;wd\@mtBeu*ċ}֪)P؟uE\'RN\\@TI\'7\@;\sM4ݫ!KcB\UD60\~ҲK{v:ae\Ip=L\FXݕ\y4\"R,]F\X*i\)gB\\\qeg]}\\Syk\Z|\uN3ſ\k\($\K%\F锪\\Zh\%By{n\\Sь\bMh0\'Njѵ\00\ZSznF~I@\c\<G\z\\O=\\ͯU\R2OR\y\CǨ\[^K\)Ț>=7\\ZVо5}\?+\\\y\lO\0?\,\@Lm\@.G\0}_j,\\\b\\ƱyrMmF\\\%\\8Y\r\Hw\B+\\\'Z\9?S\'Ƹ\ʚL\޸R\\ۥv\c\,w	V\\Tُ%-X1r\\0q˛\mHmT#\\"~?ֹ\Ե\[\YX\\U\\rO\,d宿ʳA\JI\Z\G\V\R+ċVf8f\q\":\H/\\\*Ϟ\\ܓT0:o\\ZBR\nm}$U\\#\pRU\'^hzZ\G+*ܖ6\\0mL\Z\\!!.\$-(r\\866p\\\\\x5\K҇Sp4\W\r: *Oo\E|9uJkWyb\ep\\0ҟUǄ\z!	E\#ݧӏ\X,\(3٬5֖\\\M\ ?+\\Z=I#gI)\0ڧ\H1ƞ\oi5RM{7`ÌgQŶ/`4sk\5ѯ\Bon[}\k󩵟G)\Z$D\4DM,w;\\YF\¶Vl9\AQ\\}Y)(\KTy\_FiČnR~5Y{*/	0:\r\'M\\\ZX\\M?\\6>&ۥji\{b\\\Z\\\n\?\\{N6I=\2&o\NH\;7\?-r\\1Q\0w uJ^0l5\\[L\\\\0$\Gn\)[\r4202=\\6\ֈa!%	#Q\0=\RO\f@[\\ֶJc+m)\W\אV\e\}ks/k\\lh\H\K3\\\\\+RU\rS/Y3\o\2L,.3b\#r\\ZQJK\\\y\ BX\rM\T\xxВZbF\\\nBH\n\\\\w.\00\B\VLC\8\:SCwK\v\Hn\"#{\bIA\\L9?m-kMV6\l\q`ve\\\"q;\m\2Lm\p\\\\Ҵ\0kH9\\Qrlܾ5j9<)R\'\\o\0\\5L\^IO\0\}åhK\FF?|\9\^910tnOZj)\\l\!\ffE뽬~T /NLr\m\SPm\Z\Z޺#7\\\'\\U	S\\#-Z\ۃ\\aH\0r@\`:Lc\Zʧ\7nR܋Ċ\(`J\\m\[\ۙ\C`\GH>;Ѱ$^I\ؓ\\r\\\\XIkt<\G73\"\\n\"\:ɹF-{\r(زC	ea\x.\ދ{J\W_Nc\K\rt5=xu\nn	\xkL\f9ͤ\FOm[b\bns,ok1]\xZÈ]\[\n#oK4y֞,\\% \\\\\n\npDa\̖u_\I\bD\n<\u*$\'B>#/!`u\nGR\\KI\q˪ʌ~*\\\\l\60P\M\UY\\*\#\\S^.!dE^\\\a\3HȚ\"\]Ġ\057\N.9.\Td=U\\~cLVu2\\\G\Igɪ.\oǭt\\nt(\"E,[ \\\\E&O!+HxtL+7+\M\$<rѯ!g\$\\,L@ʃ\00\\$\QB\"c\;3\q\&ޭ6яnKFYb\bZ\\c\$E`	.<\i9MJݣ=>~,-ap<E3\x7%\q\-W\ݹ̷$X\\\bgE(q\zm\.\\r\\G>YJ\=)>\\B#ŏ[4|98in+;RT\mA#4MP`|\rvWڸ\\[*tS\\\(75܄\x\\3\yl<|\\"\J\:_SA;\kԨ/!LAbB\:\[%\_JmנQ\Zy5!X릗ܰ	qRtL\f>S<T*\YDJ\\oٲ8\ɾŽeͅ+<T\\\05гEbdH4\}>ʩ+OAL4\^^\qO r~R,\V\d\\+X\\n$Z\=	{t6k\\%\$i\ң\\E}3b]\ve9/Fa\v\'zVxNB**;	\$\ZmʔWkR\dlev\ZEVc\092d3^U?o\Z̋mH\r\p5j!\͍\EV\\7-\\j\erg_\0GcInu5CVTP\mJ550\L29lt44u><\Se^Vf\'zq\	\n\\v;#S\Q\Z_A\n\\0}c\v` \V\\Z͒T\\r*\"\<\\b\r\\NϟX6G\_O\Z\\\\L\rm\Q{T0\\W=ޥ\$\²^Vsv$\\J⵳\Ζ_\gD\\\k+\'\N,d6p(m55V\Z}2Hrk!T{E}\:\q\0_t)&\	]\\\"vV\{vD%V\"/TF\\m\ƪɨ8ou5ǂI,\\ZKȤ\\ndXK+^\Z\\*h1\0A\3x\< r\i5\)#i6C{l\`\\(	Kggx\)ȅЋX\Mcѱ\\\\>0BnDq؂GQ@\\8#\\_E\/F\'\P`F\ WgV<W<Fӑ#\A:\,1pdE>\87ڀe6IyߐT},H\zMXOyn=qØ7\\t\/t\u\RfE^<x\\*\\\\Z\\\\+\'dL\$)4\\\U\\׾\+_\ZzjDeCq\EU\Z)H\0M8cyzjshc-(MRa\Z\ӑH\e5\\oJm\'Zk 06]υ&	LS+I(Fu\u\\p+W/!\ֿJ\\7Rw7\'\+J\\ſcQ\\ZRH%չЃ\֪dz\Z:\\\2\\r\(\\v}{Wz\"Õa%ykt\0*\\\l%I\\>\Jk\\\oY\0\q\\0myjIOJ\G\5\\',\+-͕@\ֵjtA!\\=Xx`͔)v\N\\i)U\G/MXsWBdKۂ\\\\"#k)~_\"v#G\\qJt\n	v%\05\H7UU\"\g&\0\\g\l*\yY Grz\Z\\f8I\\\L 7=\\/Z\`c\I\6Xӗ3Y\e\{M\\\Zs<1\ܨ\Z:޶jV\2\B:Ḻ\ /Z\s\5ۃ\nMo0<k(͓!\ \\ul\1lč×¡qx\?c9yi5ν\0\M\x(	l\04\\d$\m>n,X	X\:Vj%K\j#E#-ӯJ<w\=L	\#zf/\'܁R\6yRo\s\$%%7T$\5IѦKD(!\\^\65I1%1Hqo#\|=C\nd\8&s\\0\>\ɝZ\A\[C\L<t\C\'td\\LvY܎4N\\cV@\Zp\5#i($g%\K~8o\wW8N\(ET_I4W+y\s0W\ujV\\r\<m\Ս$\Hn\M\0J\0֨\\6\\[;\'\Z\B3@y\nc\6\_*4X\ʑԍPkET9/\v>UZg*H\o\r`\ZU&L-W5\\'3]\\@\h\\\\x\Cʄ	:\\p\b\2u\LA\Bb:/;S\a\P$8Z\\w>tY\\n\S\\β\\U3\\M\07ۊY\ZI-zE\{KP\no\0?w\$>\.\񠬓ܻ\p8QJ5\\ZxZ\l\Wh\\"\g\\z^D\\\f8\u1c\\\\r>\P#+<\"Uh}%\\UXu\ZM?\n\\2<y\\\0\_\\\\Z\,\\VÑ\\0-\i%$\\P\\\2ު\cV/y._ΓqFլ\>\,h/.DY*LVe`cPI\\pEh^f0\\"\rA\g,R\\Ey(o\,\r^\qZ7[],}\--WM	k\\ny\0\\Q\\\\ٴD\\0P9\Z4\3\/\"<aMg\H&ndr7	\yR\\_W_qǧ5\(V\X\Z\Tu+\s\\\\\\&=\rZ8uI\Ñ+Dˋ\:],Q\\\H|A\0\\"£j%\a\ֈ\WK}NM~|E%DV<\XّMa5/X\a;S]V8X\I?2<!_\Ey\nY\j($\A\ +[=7vKś\\(zv?3ҫ7O>Q\Z|Y8\)2_4bjf\\f&w{\\zG\Oclzm1}\\\\\{DtkhbwZW\v\8rusZ? u\Y\\rQ\D\rב\\ZNK馺\[ݍ\Z\\av4TZD.F\P\\Pl\֦3\Aƣ#Ȝ\r\t{[􊒭LDÐ\v$\Z(4SbmhnCk*4{M\{ӑH	a\0\\'A\O\rqSHZt+;\)M\\\2\N\GZJ\\M#sS+ˎ*N\\M̝&<`TT\\-]&\\6e\0P~&\Wwu}\~G	\Nx _Ɨ)\"3&_\3@\\(\T \5k\G_WAZ\ʾ\dm\\ZZ\,YO\0s\­v<I\\5}[:uҡ$\~\3\0ۀ\0#\u61\ʉ\+d<Kn\\\\N\^$AAS\yxW9\\Z\!$1L\n!X[s\X9\\_\\v\F;vnJ\g\\\=r\G\9ћ=X+\\ !6iJ\\U T鰽]\\\\nI\\ȕ_HBA#ϞD2ċ`˪mud\\\\0<\bBSma\ZV\%@&\\$0~du\'$	rٌ\bP!񦲲u\\l|g\"&\\\\FHfLd#\@,PO\\\\\\Ȕ(\"d\Tn\\\\=|\\dC !\\VO\:\\D\\+\,_KH<\0\rpǯ\ʒI-ٮCNium#<i	q\\~AH@/B#*UAy$b\\Zp/؄}n\Q.\\\VQ\\,a\*V\\S	Fk\N5D\O2O&7#Ř\$\8brEӑй\\nv\ݡ\\XjoW1>Ka!mR1\)\\|tƈ\Z*(_T\G$P|\\T\\7\>\\2;\\C8ݼ\N4\0\I*$m\D\\1}8\O]<j\յO!!G\\\rA롱OYp7,NV\0\u\\]\Moۍsؠs1\\\c%TQ\m+h\0?\ni$_Rj\\i	WDtArd<mc\^&\Z.BG[x\Lim4x\fSB\V\U,ξ_Mi|\!PBHT mc&5V[^\r\n>V7\\M\rIbM!\n\0\\\I7ө#IQ\\/F\\*3wpu\*\\=)6\HFV\\NB\0qk\cYX\r^\Q\U\UbߊtF\"~1{j\s\R\qFi\"A,\P:ufev;~\>\pl|\r5\_cL,Zn\Է\}*avˏh\<\\e+M]V\,ˎk\\\\\\\\\\Q\Ϥ\0΁6jq)\-+E\:V\wdG	ڂ\\\\\\,0u\oǟAS.&D47Ov8\{Ԏ\xC/6PC.$0VO6\r,71qzZ\|R_H9Pd6e\0F#S\nLHe\ \,ln\׫v\8łjX\\Kx\I/s\v\\n\ZzJ_86iıvh\K\n7ꬺ:\\d<M\\e\]\\4X3mI\0(&\\0z19<\"mZqJSʃ6\\Rn\r\ke\\5p\\\\\\N\\L\\\lt\e\f\\\0\6OԶ4|\\\;*S2L\儒bKw\\,\\w\Z$Y4\5\=\-ւB\YR?\=k\\a	\k\\~`zQNElD=YN\\\}I\\G/n*v[\\\\\\F&ȝ#Fm-arMH\zA@ v\0\']q\It\ZqP}LZ\[\F\\P0Pp\\\)V(\0F	KxQk\ğ*d6U5fqHB	.\(\|\\4QLQNjI7L\	\02)ࡤ6\:]ݛ\I^yP\\\Kqb,Λ\ʣ2Oivru\l`\\;\\rn[0\n\\"k\0Lۈ<jI\E5\\^bǏ+۶b\\\:\\n6.Ԛ3#\5\ZL\n7T\\\lҵ\Y\\\"z 6^B5ːY4govS\ZU+nk\^G<j\I#kpaRmh\X\\FbG1O+or>CTb@\Zjm&4~k\7_oSٗ\o;SH\[\daҞh}=VC{6\iӭ]G7xR\\\m\K_0XF\0f\T\yPX,(#ç^]!onuG\\w:\0\U\K^\{\t50\\\ٱNAY\QAm\"H7+\י\\Mx\ȗ\r4Tۭ\}\o\C\-r64\/\]@\\\)xiY(5S#\/8qd8A_QĈe\ю ɔ\B\dOZLY\"揰I,A>L:\V\V]S\{^[ʅ܎\n\fJYc1f\\'OXy^\DH:\N\~#S]WZzGxϛȭ1*\)U\2r\$D_\\\Z\;g.jȚ8q-\\1\H:\I\Z^SX\ig+M\\\\*2{V<hm\0\0_\Gc\\\\+Hw\\6\Zō\10\ZP6;\.I\\ȕqfNJH\5:\\\k\}Us\pVs\i\`\2\\\'!M\Ja\$r\JLnda\-`v;M.f*h\\P#\\C\\Ɏ\oS~\\rB\0o:\km\\\\0\\!C\\lbnRO\i\\ظ\ovwS)\j\\2H0/6>5\'\V\\S!#]VNwB\\\f91`6d\ϓ}ynmz\X\tH\UFN>C\w	\kPb/\\0\nVnN+,dnFɩ\+\\q\^j\E*e\044=\Gꀫ%ەdc\fi1\1XKЄ$o\vV~d9j\\\AR\\i\\tX s8+r6\|\ri\ڳOn鮍y	\\)dl/Ѕt!Ҡڋ>n\RO\g{L|G\E\L\Z!%\\^-\H\䭽Ų\%U\*]\\\k\r\0\\M\\$\+l8+/\<\\=C\!]\\/nl.㐢P\sԟ5aY1\\)6l\8AG)2#kNUڮٙ\f\\0\gɆ4U+\\r\\\MJ#7\c\x\2J<	\ZK2|ũy?[S:\_EZ\\{_k-5\Sf,Ǒ=MI6\qǃ%\!y(<jS2\	8TrsaǊ2l\c\e(V#@Ժ~.C~@\*	P.\0?\,t%\ЉV#@~ʰVX_= \\U\^ 	l\P[coC\72V3ɴ\\Uc$Q7ԍ\0W񤽫7\0\qz_[I@\6,\&Rҵ\mnE\˕\r\9PqK\ho@(Se\\\ \\6\\xʍ\c\"Q L\F\\{#\O4rh:xiz`I`7A\\zɢ!\\-\Zo+\\\nf\\C\Ut\m\k\FԖI!eb\rnN\\\ʉ:L$\H\R!\<3-l\Z\Zm\vxBA\\rDN7f\Z\UoKo}I\&2\q,hl\&Ys\N@ڨ\\?\~+꫋\n\Iਤsv\ڢT\c\\Blgį,\\5PYť0\\-%.	u|u\\\\%UU\n9\\0h\}j?)\U\cF\X\\\TZbB:\nf#Ԟ_YoFo\\@\'\ay-\0qd\}\Xm\ͷO2\j\Zw#{`\\ud\vڽ|zp\\&\\\0@G\}XG\'Ӑ\̷\Z/\\\\lbZ0ڈ,\\\\Z\\0\Y7aqאGvO\]ʵO\V~Nm!|n\"C\eAb[\vWY?\n10O;S	\0݌\\?\˯69`\\Ɠ.YPO\'m76\ZRڜֻec\\F|\)\\0}a\\C<o\5A\0j>ُ\hZ`\ҒE\"rVxc\*!6!s\tݛ\ B\.\\\\TE\\*-MI>\\n61{r\V\\*&0!\ٖ?lA\,\s{Z3n*	\\%I?h\)ˁ\x@\&$F\0\\LI\*0<}˅^#\mH	U\qqm(\5Jޓ>hw\'u%q<QN\\7\R}0]#*ͻ4\.5ȏ%/Wj)1qHl	\L@Fo\Km]l\7k%\C\0\BAB[µ;&Õ.4*\yܻ\fFQŮd+\\\SS\\B\+\\]\0\Y\\ZN*+VR#sn솓\"1.E׸\a\>jh$f\8x\qE㍾:\{Gs\ITÐ\6\\e66̺d\m[p&\Z8\ڬKڗn\\!5c\ȏ\E-&A\˸BF}\'>B7h\&\\7K\%\J\D\rkx\\\\Ɩl6$\\R$\\\04ڵN%[+\ZT\"2br1,d7\ڐyt\\᢬&N=\J\*_aW\6\0\\'Q\\ySQ (\\*\\_\3\\\rn@\\5r\\͆\<jT\16a`	҅t&8&\u2\y\~Q\} x\V\",r%A\\+A!I&G\§R9{\r\cN߻g\R\74\'H͔/\W\%fV_I\&2{\(\0O#o-\\[\MA\'\M\\Wdn~\ӍGϑ\ZiM+j,N>Wmq<\\ʚc\51^Ʋh\\re\\*Z}\/kPT~Z\ySFm\Z\!Y۹hN\\"\ޛ|ܿQ\~ZЁ8َ\JJ\obv\C0\|_\z,\Rdb\4\vd\S 7(h,hfě\4#녎\t2/#<\zU[ \\(\q+RGUVN\"c3\0\ZȃE\n)JٗN$\\\"d>\{Z/	L8m;d*\rMU.S\Z\<RR\\I`n^F>TaV)c\0*9\"{p4\o|\vz]͑3:\)Ymf\a#אּc؟;4g\V\oj6\	^2c\`lHAa\X[¯3zn\nx7\m\c\\C2\Jv<lʏ\ē\\xUc\\QL\o\bs\O%pc\\\Y_baDPv\cf-kؒ\\\nłev5fGT;{\\S?\{<ΰȀJ\~LO>;\Ge[h\s\\I-e\\\'	afŋ\n\,}\=l\ŗ@\\\\Q¢1_*\\9<Amb-~;\VסNa@~=\DP]\m\xc\	x>ڵC\nwY2Z1+\*\q#\%0\s#Bo\\Zj\\?^g\\eJhŕnF`\GbL\!}/kY `#*|[\\s$~5\a\Û\{S\'-\qЍkn$\{B\".\\>r~\\\3b:.f(7g	ڲ\\	t:Ua\Vΰ\b\>\A(\λ?č\\{n\\\Z\0*ϏXU`\\>#\i8<yuVP\\'c5YX\`\'\&PX\\0\'>^?*fDHӊ6n{\0|U\'6FVak\\0\raiI1O\ZQ픷ML\˲]aR\n<w_f0~\n\0\ޫ\Hu;ު\E;w)qUkǕ^466n:tI6.1࿘˫z㮵7 \\>TG\\hw URF@mI\c\se\Z(m+!O\'\U|\\ \G#[x\!BӀ\r\qm\Dd(oaqo$-\M!g#\\Z\"ɼ<\e]{\'ʋp\\|\Ğx\nN\TA*\zZ̓HäM1\Z\W\oo:MzKV%\n\ZY\Z\M#\\h\\0	%p\z\nUjWnҍ\7\\*qI\"\\\\"\ϔ\\z4sim\0\nũRupC\Z\n$b	\;(\n|\_\n\Z	,lIb\\\Nb\\|\\IGPH\KV;2Y0T<\K\VmDZ1\n-DGw\\'/\\'\lS\ϗ\]\A\\nHܑ6^::YLm!\<9O\Vl\\r&X]@\-\rxS\ۤ,#_\KKC\-\U\'Pd\˥+|\r\8\h)|)\{}\!\<KSy\~9<>WZjCX\'##\e!\Ţ\03y8s}\:UbU\-Zf%!TǇP\CA\JEH\\\H`\{F\\o|꼗OAS\,8\!\0Y\i\.lyn\R(;\_mX\\~u.U\nnҒ\\23t)>@@\\S6V*Umo\	q.-f\rkz{y\\\\"DO+[8<C\r\D#ѫ41?XYo\o\\0\?H@A\o{R\MKh\%\?é\T=H\d\"ײ\\\6\HǼY<\G¬eF\\!\\7@ӥ\\&ÑKKrp\	\\`U:7-U\1\/\\9n \V(\5\M\ŏȬ.\l\\z5Ż1xjKj:b9D\=O!)?\\?\jQ\\T+\Bot\OQNι9ys\'\Ĳ\NV}xսԓCݏ~L>\Fu\\_uϩ\rLe\gX0\x.7{ӗ\r7ۭ\"\Idr;/9h\\"+;7\\D\Y0ѽY\\\\\1/kl(U\q)9\ţ\dC\mNQr%\\'\n1\CK֙VO[\\0\yMuJ_4\\$\y	L\\h,$i2M1\O\-\OQYL^	[kn9goylŏ\az\\R涉S_\\\޼2\02\k[\@[w\`\*&r	!$2htF%1ʓ u~vo\5m\:ꛅ\\U\\4,t\"݉Q\	3k\0>g@Mnt\n}\Z\Z)\'\\\r\Λ\`AMn&\Z!\cSg\aE\:\_)/\\z$PX\\{bx90\r!Չ\XCb\&\\\nm\n+#~\e\`O\{\\'\0F\Wah\zI\N(-\)_B]6\n5VO-T\}\Z\Z\"Ę\nZQ#ʒ(\G\\0\\0T~֗Xk93\\\\q\*9\ƳJ\"P\x\\`\0!\kkcdC-*lI\0cj&\inEsy\H0k,\J߈o\O\5\\b\\Cr~ʆ,G%10\)65\ZS:K~NYF\\rv\ZH\'Sy\\cS&n<r\\r8ۗ\]i<}\\4z\M%keZ˾ZB\#ɬJ\\+}M\0#^f\o\\qUxT\^$i~\	`4ߥ=\ˡu\\Z4\\\rȀ<LqaQ=nlk+Z\\D@>U^er\\]\0\G#\_\2\${\|\ކ犀}jz6\01J2ޢۍr\{\\0O*+KXMl\FI&̟\ƗQ\0UA\96s+E\O\*\o	Q/2\$[\\\BL^\c\k}MfDX\\Kw\0o\rhsgHCp8\E^\^	er{\\nп\p/\0K/\*\\\Џr<hK*\V|	֫/tx\\\n,\\	QǍ4Ro\\C\\	\\nҴo~Fm\7p\yy\C\\RH\0ݴe\\\\\\7\UY$\"3/Jcȋ[\\Jl\4jHJ\Ș$^6\x\\1\\VVDOۤj\@xdS͋\}:iӉ:O2k\\U\\H@cp\\ic]/k$b\\Lb?\\6T\#2\}_nk1_\"f\N\n\\l\EK\S/1N\\im.\E=\P\?3*붖e\3	$7`t\j\0U1Y1\͡?\0S\bI\\F\D\0rH\R2ɸمS\\6\\k%-6\&h,!UxF6OU#<~@S7i\Ox\\\r\o\XגJ\R\Z,h\qU\\A\T\0K5oh\mƃᨠ.44ekY\0z\\\TIތR\M+F\\\+I\\nu\DDm7_\H\\?*T7B\+\'\[\<i{ԁo\^Nuf#\4-\G\\0\K\rю\STp\P|\YIl.l-\O\P\rյ\F.Td@Sړ\R\0v_\a\(=\ߑo(2\F{\4u\~ٓ(2s1\վU?>ͩəu~Pp@\\\u\Ƿ\RZ9Wc\\WѠ\c*\H$H5\\OE\\kхg\WVom]iCG F\\\H+\ZEFZ\\r@\\au!B\"\Z^SaȺo\e\\V\\'Sr\VI\ŉ#Haq$bE\\ܭ\J\x=\\x\I`6\\\z\嫭t\\iCX\?blG;m)y[\'8~P\>\Cǥsݝ,Vx\Ӣi\F:\us+*\$r\\9rnY?Zj\Β\=㓑\Z,2qp\Z꿶{\L\D$0\å_\"uM\+o()&	U\\\k\0:.D+»6<p#8>\0p\\?X\"	Hv\akq\'gJ}\(%Z\)Cs-\CIeu\^\\&h\%k\/u\\\D\\(\\j\rKZlr\52I8yRr\nVÞ\S^.\}6kڻ\\~ٍ$\vE\'\U~\\\\\>\"n*VEY\B/\Eh\\4\Zf\@&\[I\f*\\0\Nu\\Ow2!\\~c\\g۰;Wr\LtQ\\\r\C\\[yR\\ھ\\0\ݗ\0a\0\N݀q#\]U\\HVϕR%Bnw7ghm\J] -\h4\\\\\oF=8՛\>6d<xFη#u\\Q\V̗f.j\[s\\\\9b\n\mb<<*a\g2@0@лJ\_YLݬtlQ\#Y\\ʽ9\\I\Ǌ\Z=\\TLыH9~\\z\\\m\+nS24{01?\\[Zh-iW\\\ꄘ\\~\Z|x\@O<W\ b8\'rf~k\ҟM4+\n9\\\^W2|Qv\#݇ɸ\0\n\=fk`/\E\\oj\\\3 %\0n\r]TӘ)\>\\\\\V\\?\5ou\Z\rOE$LQU=--}4.\'\%NBoV)\۟\\W\\e\\ӝ)[-e!?<i\\)\Ρ\\ub@sߗea\;Al\q\S\\\jƃtd\0`oy\\\=\hF\Tt\v0yC2S\\m8\y,t2Wbrh\\~mj\\'[\<L\(\\0\Se\ȵD\\\\\5:*\\dNTcve%x׭>݂r\ė==\޶iLϬ\ov/g.c%\0\\LJ~Z\\`!a!\]Z\\Z`-\HE+\fX\R^\%}z4>\\r16\}\S\\\]\\?\o\QYӜ\rr}\.\\VZ\[Wq\b\r\\5\֫\\r5\\\m\z;a\0j\\tNF3\zHQ\*A\M-Bo\nw\\L\FMk\L\T\+\sr/n\zν$\c$\1oʊkӂ|xRUTC\"aj5\kɍclF\o\7Wa\\\\%\Ys\8NV:xkw\\0ne8Ēȓ\fϟ;M<>\o\"\\\\]aq\+\'o~+vE\n\NJO\W\"JԳQ\$ܽџm\\zVaFlKY7U\p\\\A\oT_:u\r;Wr\8j\?GBZ\+gɿ\\]jk\\\rc6LN\*\\Zw\Z\6TR\\a_\'sn)\0\\0\~Wi\0`\5\\e}E@7\\\n;La@W\0Z\\0\';\\*\\b\_\\\T[\s)Iu-\u\9>܆\0*B2\\\d0\\+䨥_\$M_\#\+\1mI}\0\\?k\h\r\\;\\ѷl\@\\\0/UXxK\^\fA#\\0fX9/qҪG4̑|\\?\H\0uz{4\n2\Ƴ>`0\L:|U]Uj\ֆ/y\cwSw@?1\\=	;on?P)?ά~fbǋ??\"h\0\\ƶ%}:.\0\0J{}L\}\333\PqGvf~-\SN\"*\c3Ȱoц7?\r\u-#ke(\0\\\i\k\\{\G\\n^5U\0Z\\0\2>#PYMz\\_\\B\o3Cʈ\G\X`ǌ=\\g>\]h\_\^\,\\s\\E\?ư._(i\\r9XbbnT?\\G3#@~\0\^\K9-\FI\\0sf\f7\\\<;\\ڰ+8ڻu\#h#Ե\v}\W\f!E\F\\Vxr\+\0~˸RӘεKN\\'\\߶\377Zx\\urѰI\\.\0F\^<+e\\\4_ihk{ۧ\c\)\O\so\Vc7\\s(F|?\0\5\:<\MkO\MtMz\\\\\0G̤D/<=%\zS\\{\m.:Q\\/]\rHLkgc\0S =DCW5Mt\߀WK4\\8=u?S\w5\\턌,\$\\n\2{\[$\*ksQ~k\yK.\00,5\ocfyO;ݏk/\\Wwv錬\c\\ߠ~8RG\Z\\\\n\3G\"\0\BĖb\\ڸY0\'[\n\Ů\"\\U|u㵫Ӵ6Y\u\0\Z\1x3\咄~{k\]\p8\\\4l\\"ӭs۵͑:f\\&{q4!\\hj?-Գ\[\\\m+,eh\͋\\Z_Y,c\,\9\'\'`#Z\Zwh\\`\\\\\\\\0p\\\r\w\Ґ\e<xں\"WMP\ή_r\ENi+I\\\3D\]#\]KdA\?yc\\\"f\\V&b<{(\\\R\p*j\U\Ex24]\<\v\\0n\a\\\B&E\"ޠl<W\q&xے\\QPv\'J_\ևL2\pi\0\\?:\ۇs\o	\0\5\v\\\\Ll\X\=/2Y\O|]]*\0\P\\A\runL	\>׃đ\\0k\'M\b[\Xh776\\\׃\!ȕegnU\VRՊn\\\k\\R\"Oʾo|+\ݖn\$U\<\\\/ \N$\\\Gn\\SY\\3\ԬoЩ5?\V\\z![\O\\0$XlMu}%\\"(\OoL\D9­]HmΈE*\2,of[\\\Z亼\0v\\\0\\0\#ڧ\Zlo򮿻l&36/ʸ\~k(y\\V\6\\\u&ɫ}\vd\C\0PB\k;o\\\Tk\Üדm\n\\\Qdꅸ\<=\k\\\sP^IZ\G؋TS[\Z\M\rx#H\\VK\5\'\E}^O\\\n\0oK|\lhfŴ\\'\*\Z\k\0*ճ\\駄c\\'\\0?̏\\\Re\=\$P\\p\Mɰ\\\\=*\k\\6\y HQX%1+\ J\\я\ҵ\\\ݶIfH\\\\S\\0-\Ǽo\Z\\0v\\0*\knu[̯x?w11%A$z1;h	##bF\0ʰ{\>[w	K\O\\6\	{j3	nT`/\\V\~?W%)u\N\np;\Z(P:J\\X\\ \\wQ\C[\?\XF%,\0	\'Kr|\T\y#eh<5\o\\\\\i\\)O9\<o\Td<l^4\tkC\>W\<i\\Y;fs%Y \cG\\\\r~zW}qd\[+Ԛ\C\\0\a~,=7\\0Vwd,;n^Kn7<\"򪎾f\iR16+zy\}\k)*\0\\\0\\kse\\~ʌ\\i\9S3\\'{L\0ٻ|Kx|v\8Bx\\\"\W\\0ٔ\ƛx*\C\r!.\\k<.D*:qh\0ȸ\od\sU$,\RS}܊\`Ip9h($r;LY\yd?է9(\\,ظ\?\n\s,ɫ7\sca,\VJ\ġǏ\<}\\'%F!F\ZT\Zp\\wy%%ٖ7G\U\"\9\Z/h,m\"\\פ\\6ɦ\knk#j\'\h\0\c鈟k:,=\pc\z\e\Mk>\3>tc\i$_\޴;q\\̙&g\Tr\0%5\϶w]U|\u\\r\!\\+\\\նv\\\&4N\\@Hl\kr\ܻ$\&gqF\\\<\\\B붦\EyڴeLlοW\T[FԭC\b\7Hdf\x\\0:/\0Y\9?R3\\\ukyUV2Y~Ɉ=Z\\dq\V\-qRXXt4d\\\\0RQ/\Vթ\]l\\yۃHV\C9S\z$\خ\Z\\\\}\DR\f\\mNFV@\5\0UfȞuEˈ\SC+Dv\\\!	+;\0Z=\}ŢH\nA\"\n\^\\\H\08$=\\/\X\/g5V\Yi(\\Yi7G_P@\0ܻ\0S\<\\w.I@z\{N[\\r\r\j]x7kˌ\.8j=\e\xUO\q	?yQ<՛.I\K9\0S\ۧOp{*\0\O\jj\\fQ*\\"\",\0= \\Ef5I/v\r>\eg\dM\A]_\\v<+V\\`[.6&\(*.֙X?1P\Ue<p?\\5&oth\\\,\m\rS)A`CP\lMo\w:Yh0=\\Z֛\t]Xfe\\\1\ʬDP5\\E\51F~1/4`	\&|\sz^©V:\\NYe\\X\9uo@\6>@\n!u}NB\\M\V@\4\jM*irse\\e:*2\Gs@,?ƴ\ϗ!9v$8u\_2É\"P\6\\:\w{\m[mw\ϓHbD,\\W-ǮvV\#3k\rk`\nb!-ՑB\05 W\\aztuuu6\J\=Xmrs\\\a2 b}+!oK\>*jF\\e)S<En=i.\G\\ѣ\'і\\\O6K)QVT8\$k5ڈ\\֏#4?\\$\\=\)ŀ7\\0-9ޡ7\+0$\3QgG\1Z\AѪ\1Lnޫ?Ź?ڝt\m\\|K+q&(\&\:L\/oQ\nF:y\kҽ\o-K7\Vbx=\rR\#+9\'k\Cje_Ъ77ޒ*&RHx!\\\0e },pijdj+\eK\3\0JF|\\W&\UZ\"xr=H\\D(\'\\\\X\'R0:v6mh-\v\3Z 噬_\ݿ1n욍YA\QU|8\O\,x<\H\x\\\BP\\U)x\:{`$J\n>X\0\5URݷ\\j?\2\ZU\0#u:C\Q}QH9F|T\0*I\ީ,`|U\hY	b\sq\'I\B@\\\T6u\_F[uO\q1츐C\\/A\ʳ	]\5f (\06\\.`H9&!\<\\ۧLTd\LL\r\j\Y\0Vymm\\Zn՗H<d%\\޴;э\IBY\*C~j\\<L*\\x\"{\{\㫡ex\1_m^cޛ\\Rpe\:K޹ErH\\'%Y!\g> \r*]1\4\5\\\	>\ih잦|ty\8%DFaŽ#CC~\_p*6&Bŭ\߭-sZgI>Y\y\\\e\0(\\Y\;\If-gǻ-\򬼌\6g\\aXn\0\v\?s&R\Y\#\\\"M$\ZdYp\"\2\3\t%j܉ӋyQ\9\\70ʭ?#	\'-h	吙W=9(Pi\}\">mGO\q\.)Sp^\\j\\\M\'jQ\\\\"<O&HH*\r\Z}\"\:m4\hcgpǍȱ \u\ވib4\n5w;(M\rȑ\\ZD\\ͪ*\\\'C)?\\+Óh ni$\_@\\\\nT$\֖Dl#\ E\\X\53q\Ā+z?\"YH@^s\'/\\4\\*;\2䍈\r\\[nM\h2H\Ċ%(?ƛ\wDA\?iY\>#z*H&qȡ!\\/\Mwg\\t\ڸ\\=\M8ں*6\\rJc\Y9X\\Zb\A6`K Dq9[֠\3\oeQmЖm\Zne?3E\0mv)`\A#OyZbG\\wQ|Up0\"[Qaj<f66e\n\תJcQ\"cP\Z\\\nKAx*FUv\Tm%\\koޔF\%\\w\{\077\U\}jco\]\'#x*\HR\\ߡ\j42UboUBkCn\Zm\HPz^f5&O0gYbP\M֧\n(0jReS4\Zр\LJֹ_u}Q\<\\\V\Aj<k\xR[Ԫm\ P%CD6\|\H\\\\July4F>*	\\\\\+\0(V:<^.\ƣ~d+\1\Y8s:\?\0)4\Ό9*a\L\07\5&\\P!\\t\'kqɮ\\0Q?A\0_Zѷ6M0\[9_\\8\HITnEA}\Eb\UI\,h\&\宦\\j\VZ`ȊP6kx\Z66t\#i\"6\\!;)\<8Ĳ$I{\0OZ\\I9I\-շ\\ўh1l6;\\0\o4IJ0\E\)0_nKM\d;\ܼu\n\0\rImhܰuxOkj?o}	\0+\Otסi\n!yֶ8\\G>\\\܌\\32c\nϑ\\C^6|[<:\5 \\A\"X;2*\O\E\\0\Z]_]\0#RFoRɣD(&c&\|D\M\&F6 D5>:XZK$`\B\r\\\#H\\kX\|z\A<4\r\Z\#cT2`լ\0=I\Eon.k,K&\z2\r9\Psqp\$9Q\\\b\\mg͑,f\C\\6\z\*Yr\#M+_\UX\\*\0N3\\\ʬ8c4Ϫ(\\0@3)yn\rM65x_1ā^J}\Eo\Gl(4\\C\$R vZ\q\"e&\Sƣc\\:\\I3wo\"F+;\_\xAc\\|ϵF\Z_\\Zx\'\ҠUC\\\\0\G\@\f&z-\Eݍ/W\Z\%;>dЩ1E?	\JNiٝI5\\(nGa[\HR-\kzb\bx\%:\Zb?Ew\x\uTE; XX}<אZ8\\د\P<2Ǌuދ\\\\\.\A\*\\\EӁ\\\\^\Z\V\m\\\rc\nFtּ4:\$։q\}j\\-5\0UȨ\k$TaqSm.vhC\\v mͺ#qȫ*\n.1\Б/֪0\¯c\W\a\X\<~&A\\wLp6Ps$F\}\\\5XW]c\\\\\n$zT\\1sG\>gj\\Z\)\p\,\-U	6\Yt$y7E&\\r<\|kҠk\\}Jz/\Z\}ryL$\\$C\7#N\'\ʃqlt?D%dc,\0\\\Z\\\\'1W\S\\\\\\\(1O\$I)7\\BHo{VR4\\\Ky{5\Xٙ8SV\0Ѝi\\p\t1\wpUޡ\v\\r\eh:؋iU\\#\GKI<M[jɏڦ\\H\Й(E[`\yj\ZJjԦtg.QP\V\>,\Ld\w$\`Ts6\~\IJB\k(\ 7֩w]O\j$XYIN[B\\_\A>&0V\'rdiit@G \\\n8A\\H\"R\\\SDZ \iG\ciqi1f\vqm	ڢ~\\q@\E:3E\\/U+ff34\3~b0Oo\*8\\ݺ\tu\7I%%ܒB#\t։\<mE\\Z\'4\\"\\kѢܳw_\iT\|.=K\\{ǭT7?+j(ҹ	\ok\P}+K9$)\>@\LI)\5j*+rn&\;R}\1J\[@ϝ&\w3[D\\r\\0a\\L\uie#T){\r\\r:]ˆ;\\S\\\'zL4<#})#\\,v56\\ҽ`N\EIk@\ޟQ\'\\A\\QA\nk\"XzQy\KX:_JP9\Ǜ$yX~|vɅ0\$yӽ\d݂_\n\16%@\Os\ \yTZ\\odՇ[mUOΠk0`|reCɮ\V$NCl\\H8^*\nM#\Q\6L7PumKܻk;<\!\W\Ư_owV	\ED\ :+\\\Z{\\bk:rǛ>\ߧ&drܹz$uw\02[j\\֎\Hr\F<\\\:|+=\\\\e,\p{,Ia\OZ\\\.!Wc7m[\\\\-7Ӂ\92!\\\r-\\e\"ID/\\"T\ӭ\V	\A[#q\W\\c\\\\ȹ\\\XЈ7\V\kU^+`\\(\709\0i\_\I\~cK\\p\k^X!H\0\0J&VuU㭕Xon ߥ\ȏt>\ \0{#\[|Nye{X\^M(|}tjʨcƨG#zǩ\ٽeCQ\0Tԡ_MM#\6綧\p~:TO\\\ElA\\b0\V\\\yX\\Fp^#	\A\InW5\\m0}<\rO\[@9\=%\\)L\ۓ\c\}J+ņ\0kЯ\GfΣ\\\\0\?Ʒ!\\|E8e>7>_OF$os\-X\DbڝG\/\=9\_@\<y8w jGoH`\\t+s2w߁:kZ(ȯ\0D\\\mnV:zJ7kGҫG\|\ѻ{jA\S\\`lTيԨ[\ƇgnYX\ \#~L?§z\\0YF7g\)\\dW\eN\oE\w!\ra\Y\2F\\z|4\\>\Ce\\#=nO𥹱\\\\npG\2\0)\\^\\S#8UE[+^\I\\ԮTT\\\\A\Ŝ{\]*EH8,Ō:\4³oY\!$TXn\&Ab\\\\V\\|AwkƤV}ö$O#rL` eB*\iޫs^Z\ZT\XS=\+.ub\no\ғi:\ncVT  45[\,M\9\\vJ+v8\\\NI*.\0ec\\o\\\\0O\q\6\Ȝ\\H\\F\\\\\ H^׻F5%\+>7\&3\zM\Ri\s\M[\\Q\\\ \\\0\zt֢\:765b ˏ]	\SPAZYVmc\m*j+\0ա\\r \m#_\\ ,dS̐Qƶ\\&\c !%X\Ǝ%\n>@:~--T;\nf.\bG\ŶnDmcU) *\\Z[\#B|Qe\\k\\\у\\}\^^\y\G\=\f\0\Y4ю(I*Obs4|\%) 9+P\\z\"\b\\.WZOb\P2\\{=V;\x1v/`\X\P\t+;0\'ꐆ\a\\ʡ\\\\9\'-y	9aL\Vru;Qm\\\ҟZ\7z-\713`i\3\̳\sW/\dRL\\k1Z\\\V{\5]\b icgSc\\-Ϊ\xsG\\k/\'\,W_\@bܕ\\+(^\\ZgY\'`:]\=\Z\،yd\\\\j\k5Kx\rŜ}Hؗn4\;UvBo\\Z\\\>f#B\B\')	P\m/-(4CoI \2s\p\0ؑ(I[*W䳀4\\ eB[Pž\'r\,\!f\n裭\OЩ(}믅\rea/n(Jk8\3\rYy6K %\oZ\\Y\.\\'\<VQxs6qi@GSd\\Oe79CM>\ʯQx\k\Z\\'kۑm7\mh2K\n\Ȳ\ى\q&XrGQ{\qNﾙ\Cq\y<n\\Ѷ\'\&nO\Zқ\ʎtEB\T%S$\Io:U/^^\^,-U5\\9;\dV\Z@F\0c R9\Z\\m\\+\0\\n\\\kSZ\\\\*\\W\\Z59\ANķkX_\^V<~oz\zz2M{Kk+\0z@|\ޏ:zy׽u\0#\\S\W\\~z@??p^P7ו\}yW\#N_uX\U\!=7X\^P7\j\cz@\Y/oO+W\=:^_*\0\L\\o\\z\\\u\\0\{\0^O\\^~}\?_uz@\C\z=\0Ou{\z\'\7\\\0{\7\0\W\\','hindi',12,'678','10-Aug-1982','10:00 AM','1:00 PM','4:00 PM','7:00 PM','10:00 PM','streaming','new mvi'),(4,'fdgfd fgdfgdgfd','3','2d','action',_binary '\\\0Exif\0\0II*\0\0\0\0\0\0\0\0\0\0\0\0\\0Ducky\0\0\0\0\0\0\0\)http://ns.adobe.com/xap/1.0/\0<?xpacket begin=\"﻿\" id=\"W5M0MpCehiHzreSzNTczkc9d\"?> <x:xmpmeta xmlns:x=\"adobe:ns:meta/\" x:xmptk=\"Adobe XMP Core 5.0-c060 61.134777, 2010/02/12-17:32:00        \"> <rdf:RDF xmlns:rdf=\"http://www.w3.org/1999/02/22-rdf-syntax-ns#\"> <rdf:Description rdf:about=\"\" xmlns:xmp=\"http://ns.adobe.com/xap/1.0/\" xmlns:xmpMM=\"http://ns.adobe.com/xap/1.0/mm/\" xmlns:stRef=\"http://ns.adobe.com/xap/1.0/sType/ResourceRef#\" xmp:CreatorTool=\"Adobe Photoshop CS5 Windows\" xmpMM:InstanceID=\"xmp.iid:E68970238B4B11ED93B9DBCEABEFE31D\" xmpMM:DocumentID=\"xmp.did:E68970248B4B11ED93B9DBCEABEFE31D\"> <xmpMM:DerivedFrom stRef:instanceID=\"xmp.iid:E68970218B4B11ED93B9DBCEABEFE31D\" stRef:documentID=\"xmp.did:E68970228B4B11ED93B9DBCEABEFE31D\"/> </rdf:Description> </rdf:RDF> </x:xmpmeta> <?xpacket end=\"r\"?>\\0Adobe\0d\0\0\0\\0\0\r\r\r\r\Z\Z\"\"###)*-*)#66;;66AAAAAAAAAAAAAAA, ,8(####(825---52==88==AAAAAAAAAAAAAAA\0^\"\0\\0\0\0\0\0\0\0\0\0\0\0\0\0\0\0\0\0\0\0\0\0\0\0\0\0\0\0\0\0!1AQa\"q2BR#\br3႒$\C5Ss4\cTd\0\0\0\0\0!1AQaq\"2\RBbr\#3\\0\0\0?\0\5F\\$\06P	\\R2\SqmE55p,o@\xp!bܙt\{\\^\\yq,r\\\0\n\\\i;gH!/\Ec\Zxs\#UI\'h8vA\/\\F\0*PZ\\u#V!\\\\󩁚m:\8.r\r\rw7\"\^#\S2\	t6ޔhD@\Uh\\Zҥ2a/\>, \4GwV`iF,m`\o*!\2bFB\\}7l(3\K>C\\\!7z\\rm\'OcŽ6U=b\\PǏ4d\\[LS֥E\0Kr\"\o\B=0%=D\ǕC\Z_kU\0	\VnpO=\\n\ca\ۚ\\C\\\1^Qs{_\Z\0$2H\\0h@Z<m\<z+\]\\h	\}jʤ#Y\11\r\\YmÂ\0^\\\]JmBUTg;:Y\0\\i\\v*{\A F^\ZZJ򒲸bU}\n6R~&h8i\N\0}SQ\}(CmؚZ\\䌎$]FqF]}۬c\+\\W\]m\\P9\cV>uAT3s\Rw>t\Y\\ScPM\\-*\y~}u\ZWo\b\\\\Zx|\\3UH\\\\'\eP6]?\\\\0k\om\5e\\h݄v\\6;lpL+Ert,\\F$0\\mDX*C\\^B;\o\󦡈I~^rE˓$K!xa\[m \\D\\TE\6fPX{hB\n:ȝ;\M\eb\Jl*\\疐\\\agϖ!6\'\(hv]Z\X\\\w	3\䏎**\Y5\u&㘭\Õɻ\0\\\@cB2DޠyM\C05\\\\\n\mj\X5_\4D\V\MZ/\"\$R\9\_\0k) Xl(\y:ψ8di8(b\\' }:XycG\D\\M\ҐΐK\j .u-e$PD\\z@0\0oY=\.	8\<w}Ág\e^U\;\,LP!&\\\\Q\0c0v;\c\S\0(Mmׅ\Y!\r$u\G0O\n\'\\zQ3e6Tg;45\ZMYaK+W&\Z\M\'x\Ԥ\}\\R\qj\O\Ū`O\\G8\Ƅ\N\\|Tp?RMAy\p\\k\\|\\\H}TL\}#ym:\r\0T5ǅ1S\\\a\MƝ*T؃\@HY\,&\δp\P/0\n\Qm\5dn%\\E\Ϋ\J\fbX\5\I \IΡI\.o^&\0\TyQvVf\K\h`)\\<?IXthK%Ct\Z\@\w5K\m{l45\s\U9}\j\M@8;~^T\'ި)\v,,hcEM\ Y\ķfҵ1L0\xt8,dUE\i~\{a&AE;\0\\~?#\<v0 \Hg\r\0!\\S\<\I\'(9^\~_/\n\׳t\M\a\\xva\҇O\\\r@\"`GS\'ZӦ1\"\\n\0\\!pʎ7\=Xn\\ɷ\?\Y\\\ӱ\0\}:P&\\#DSv\t\\05$\I@-~_x\M(*Z\pG\\6\hV 8\\\*\\Qx\׍\\6 =\\\Z$pT#5$\.>F,:W\j@\wwOlf\\\3uP\\.5\\\٘Gb[\0U@n\z\] v>U\\J\\ȫ/\\\0WҘpR<ǁ\'Ϸ{^\\Ψ\1 Mv1\Z(ɶɾ\&\\T7u&[!DӖO[tO\"? 7#4&â՜\'̝@\\>$aހ<\F[&\鮟\n޿{ܐ<%@[asn\Zm.%\0\\5\[\0u\0\|jԋ*\"ABv\\j׵K\ޯ^\\f}\t!\5\"+B\\'O\ZK\(=ՕU\Qd\Zs\iqy\Z#\\M~mC\5-\4ɲ{gb<iZp5Ql\^yQm&9\\\}oZ\G(\⶷ޖ\p=c\Z0\\VAlH\M:;\6ڛF#\XU\'P<<\\.w\֜\X}1֘\v*\i@yoA1t\Wa}z𪼁\"\q\\{UtIe,<,8q\\O\r\Z\\'\J`>ߝG#\4\ܭ\/4\\\IA\'RiE\Z*\\\}\\u,n\μ\ē\BREٴ\r\>t6\@\@\؛NZ\\\\M%\E\c\SJ\u!\X\\ \0zW.\\\IWM4P\\\\\qSk1M\"$#)ݭJ`Vd,\0\0\'&\Z\\\O<\!\/ro\\VŋbK%-@Ҟ\DMY#\nG>\\\\4}*cRVo\n]OaG#3\\jbp\Z\r\\!bR\\Dd(Ǚ\ȾҹcS(\\\\}\\QR:Z\T|=6JzUTjXBij\\01\6T(\msH\aM\\0*i\D#Xk7Ek\ʖkQzss\ J\k\0M\ZYu\\\Cr/\GB\\n\H8\k݇Qʴqa\b\H>~R\A\r~]6*\\\\V\\J\9@a\\T2\,\[R\QK`45\cF;{EW\\X\ͳgSm/Sl\H\\\n\\\\\\xڵ\0<yH8\C4f\G7Br/\\uYE\'\Sovv\\\\l\\peﷀ-6U\\M\=o;u\o\;\i\\\^*~&\0\Zmܤq\\cplE*a\\LĊ\\ՒܛmM?ON\\ƚođ7Z/\?\8䰳n:ѹҀ8\\0\\\.wLx\M\zR\mh\M:R5I?eT\\\"_\n \BL`}\\s\Jd\$\\0\\D\B_u].@\$b&\z\:\@VA,-\EO\\[^@4\'q\0\Kۈ~TA\,u\'_ç9nR\'$\oD	$+uIn֥\!X\pIr@YAאS+%\ZyE\[SNG\\\r\n\"Օ#I-С7<MCm\rȑbQ%I\ײ{^X.b_ym\IG\1kv%H9\\xԹBq\%([2yV;1+\ݸ4/,*H:\<\W&\n=xګ\(}˵weG#\\#7K7չ:*VX\  D\"x\5ÍƵpԒN\C[cn<(Y\ʏq`<Q\\\%\EyZG\\\\nO_\\r\>!\~##0\F;\z\R\V@%\5NԕHin\\BZku<*B<OZ)\'S4҂[Lb\QpXx\rw6 T\@?\Eb\rN\\|\Ո\rƆȃ[\\n\\9m\5\\\\#~ևmeub5\Z\\\kV\\tS\UWpRN12->#\ˍG.:\\\O,F\OFkLn:Dj&emt#\\\\O6\\<($~\HqԶ\Zjd\\߅\\4[\r<+:#\"*\FSO\\PcFЊ,\+\G.wQ\Wk\Q\\ҾnV\\`[C@ZuN\\֛\(\-\+\\"\<GZjՓ\6Spu\n*\(PkJ\A\0d_j	m;ޢ\>\<)@|\\Dn:RNZe\\#\\DP]:\Z>\\&\y\\j\`mk\vEM(Tv\\\Μ8b\uRx\;%mlZ5wk $\`?Ɯ)\;5\R:\VY\F\\r\\}R9k\H6?a\/a\\.<\b\0A#]*\%m8E\E-\o*gY6-e\"پ\\BIo\U\\\r\\r{Bn8\\!S\ґ@\4kb,±^v9h\V\雞ҒAKo\\MZ\NGQ\bzVSȿݣ7edOϟU4lgb\f\E|hQ[NHt\a\\0%\\`\\j\̳Ĳ7\\\/\!\\ۯβz	aq\i\r.h΢\\pI\r\\rX\rcs\\\dm-NG\Z><YK\~-\"jaU\(\\\'WGY5,泳\(XШQ\0m^I~fn3ċ;ız]\J\\Z/[QI%\j\*\FnCG\5ǩ_\0}(||(є2i\[hN^1BZ\5eQ#6$WB:a)Qu\\\0\n%\xոq[I[£5\0B JYV\ݺ՛U\\[\\0\#K\0!I\e:֏na\(\Zzt|R%\G&zx\PrxBd@	ښ!PW<\\\M\yR)&c2t\k\o\^\Ӑu\D$\\lF\\H/}E)	\q,3\0Q<ȫ3:\3>\0SƟ\C1ģ@	ֽ\nR2IiO]\\0A\0WO\#?ȶR&;<2X\qI7\ƇV\0\;\Ѹr^\n\0(98\\\r&\Spl|:QF]iV;E\Zt\mW_)qK؝ޘ\ WJRϯrX}\o-\"S4l~\jf\Xv\IrK\CDA6F\@8Ͷ\¤Î@\\@\\\\Չ\\n\0&V=?V6UGlafT,\0;+\0)s\f\]l4j\҄(\J<\GDIݡ:\dk\\0´qr|\^	\b#X\(Y~,T\r+,,\)\bh\	=\r\\ȩVkV:Db\X\	=@t3HH6u;/4\;\c]Pԍ(\G\"u\\Z\\Ţabv4\\jVU\"\Qn\\~\\|>\"\"\KT\RbM\ֲs;#/\ڝmњ}\\\\\yFǔٿk`/Ҹ8UboK\=\ru=+ݏ\n\=\'\'j_\\\\D\\\\h&hd\\O)\'i\ՋZ0S\\n1*Hc\,Qh\6\ͭ]ı\.?Ɩc\0~>mi[\\$ɐqF42a|M/4|Tk\P\G̞2\n\\-e\$\므\ԗ;B\LܛU\Tp\U9,\\\s ٷ=+<m{X\>aבx5[\\0\\ܝ\oT$\\\ojG[\@7\ƴ\"ی\k#\no`OAW{-mYI\ZVе5r\6,`\|i\4I\Aҹ\g[0:\̏ŗƧ\).\ry?|\\\\qL6VT\\ͥ\[_Vin^\Ú6#-Z\'\r\ud\0誡Nu6\o\\r\Ȕf-ɘ\\\YUUBUHczV$\m\o䉯b6\$dZ\n+ltڙ*W\fN8\޴4e\0\r3?axrg$\Z~3h΃[}1 e\\\\(\Ȋ@[\\\\|\z\\\n\f\}\n\ \\O\k{\\KN\t:x6̒Lp-\\:M&\\\s:U\Gm𤲤u<\* \hz@\xRrHS\Tibyf\e\]j\.aKrH\{\\\I\9,oʧzX-ZTOT\"QgU\\׺\*Jx+bO\ea \[\\rk\\㨰bVױ\\:}l	\\5ҳ|/G\r\0r6橨+}(n2Pu=\!KnU\\S.2YN\\\|oQ=\v\p[CȔM&єqiB\:%\'U\IL?l\ҖZIě}-Zg:LYb\RR\1\FC$j6VTg6̚<T̍V\\uJ5\G5G\s\5[4\\r+%L/\rG\f[	ޔ)szV\'o*<R\\ۋx\ZjIiY,)?uOm3!<\\HX&\GJ֍i\y\#l\\r\KHڸ`]\rjdɰ\0`O:\kŁ\\#~&A^ޠjh5X\\U\\ZğQ\j\iK9D\\4i0\nr\K\q\;\9Rxy~q\\\\;\+w>Ԡ\5Ȉ\rc-\\ZS\6F\'j	\U\,ZRȞй\ӑ,GQLpV̺G1\n\'Q\T\(\ԀaV\\.=:\r\\u\0b\45hخ\n\\Wз,\ץZUb#Qr(\\'\HoM\֨zޯ~vP\}[<}v\\\^\Rmf-bLkҰ6\Nrp5k?6\3  \r\7\[;i\F\ph.\\'\S\i\\(\\Z -\\]5\ۖSs\h\\o]ߘ\n~\\!\$(:V<8\\2_\̚,\YR~\\$IA%\Uoc֓(#>\Q\\E\0\QR;*O\R\\\\Rm\/I9\id_j3JEb?5\-l\:\;ߧ!:6Z\ \\\\>7\"s=>4^;\mo\1\\L\%\5\\>;{R-\_\?\6H1I\Gi\\I3&b\\q`\rmn\Z\mC=JG\iAY\ٸ3Uz i]t\\vӰr\SkmObf:\z²\\Ѷw+RV\Ԭ\Z\@\S\\\Hcd\+;\0eT\o#Ekafr\\\Gۓ\\\b\p:\nn3b2Ӟ\\U\}YΞU\\\Sf@\8Kͳ\-n+cLP\:\ZY\W\\\%\C[RҌZ 5\Z\\۩\]V\"ܝ\\Kԑ\^\.iP. kg\?\D&Չ;wm(\3밽iE\\Z֥%>=_$\*fE7\\*Mo/*_\,G\R󂓁\?m -q\|\\0~u\\\\1\$DYǏ\n\|YYBIV:Zj=@G%\}iȕO\Y\}\\0LUw:\e7\*\ྚG\\FB\eշ\@\4L1\\Sue#B5\n\*\\5Cq\\0ҐQv^\u|Fm,N\\0[K\`j$\\3\r`jy}-\uV\@\L4{\ұu\nY>T,\Tى\Z\H\G/\yS2I\z\hm\c \"vѝ	D\nʰq\o\3C3D΂Q`Y\oOVt2yMh.	c\G\\\jLx\+\^\Ӳs\GS\(\'`\0\Y\ZDi⊺\'Vo\nfd-\-{nk\Q\Y\n\Ù:9-R(b^\0sc`>fML\ۛԓR\\\T3Z,\\\#w{$1L5V\m\{VX\E\q\Yyrc<;\\UQf2_:\|m;\\\\\r$1\1 G\(6J\P,\;\rl\\0X܃\~\0\n\1ibrPH\\\Z׉\\\oʦkȴizZZ\5V\ \QX\lt0*rw-ۥ\a7FEkj\zÓ:\cY0,jх?\\zf<\\\r\0_\gVɞ0~f v0\u.U\WőЍЊ\\ !\Zj\WwHјȃQWWV\p\\Ӡ5fq(\\_:4񄐡T6:6X\0*\Q\\\SiDE_\ZXŘp]\Z\\o*YF\\Z\\'x\\r\f\r(N\%\\x?l\$\&\N\Be&\\\\E+D:\\M\[j\|72\\G\\8<[\\Ѹ\e\6ź\Z&.Ts	`i\S4	\s\V<4C\A$p74\~fFo$_Hux\\P-\ϐ+tk?w8rd\\?\LO;c\#qbUTWnܤX7 /s˕ޢ\\\GJn\7n#\/\9ՙkֿg\)`CR!fN%IxE\\n\\r;/̼lM}O\2o\F\\Zm\i>\\7;#\\0)\֓(a~NFPGơW\^8[R\6-\΁걽^B\ě\k a}*ŋs\0aXu\Ȏ@WI \K\Z\r䓗+a]bF.w\\*1vP\\ƪ#ev+POu\d	؃Z1RX6zVvB*\\jz<\ER_ې,k\~\$f2XPЛ\\\\\n\\!\UЎYcn\"ceE\Ʒ:U\C\\GI\\"\\\\\Qm!0<\\\\4/+\P]ܻmj	fEnd\\v;=ۖ;.\\mܺu\O&\\xQJ$3hz7\\li\(\Ah\[\QZ\Ϲ&S\&<KluD Z\\|\Zn\BQY\d\"TJ2(\\+N!6Dm$d\:<!QqQ\Z\V$\7]7*E\k\i\ >\e:\HQVeD\44Gb\\nI\<fܡ\\nU\4\M\\\[΢Y$jY-{_\n\dTX\7,	>#e\1N\\DN>56Ri\\W^\-\F\ա(I\ʳUt]\rŉ:Zh\ύ\\Z-\XwF\\wJQNGȩs#\hf@\\\v6t;~Y5<m\\\)L9%6-©WxYs)>\~\oMCL\\]`\9\F\~ݡ\s\\}\'j3\S\\,/|kϓ(\.\}5\Z!m\:\!z~ʲ\@}\P\&դS\\\M\\\\>tA\+\mv\0+^\Yq}@\/\R2Ē5\y@a\/RS\	0e[0\pP\M#Jg{Xά\0/\䀤uhQ\0NE4f\XGr\0aKڗ3ו\OWP0\\<$驽|\'h\Zew,\?\'dZ\ZPl~\"\\0*O\\Z\1Jqq\\m\Yn迉5\\kVdfC81P8\M\5`Xc\rq]/{)H\H@\\0UI&	ۯ;R;3bT|n\%\c\r\֌\\\n\sƍ\0(Q~k9EA4F\\nu;yֿi\3C\\\O\\Z\ǆ5\0lۈ`*1擷dG+z\{,q>\"Y\(\B.ޙ\M\\( \@PA\:W&54Abx\"Ŷ&\,\\ka婡dcM\"(\n2\\Fl|xƈ} \`7cYv\l\ZFQo\$Vn_6Lh\n<|Ml.\\rƬ\r\\ى*2) ^\}UW\е#aQ\\Kdķ\d\rD\\9u>uС8Չ\M{X\\7S9QGXnU\Q{J\ݕ\Z\O\\DY\%1r3\2)\b>5\ŋ<J𲋒.N\\;wd\@mtBeu*ċ}֪)P؟uE\'RN\\@TI\'7\@;\sM4ݫ!KcB\UD60\~ҲK{v:ae\Ip=L\FXݕ\y4\"R,]F\X*i\)gB\\\qeg]}\\Syk\Z|\uN3ſ\k\($\K%\F锪\\Zh\%By{n\\Sь\bMh0\'Njѵ\00\ZSznF~I@\c\<G\z\\O=\\ͯU\R2OR\y\CǨ\[^K\)Ț>=7\\ZVо5}\?+\\\y\lO\0?\,\@Lm\@.G\0}_j,\\\b\\ƱyrMmF\\\%\\8Y\r\Hw\B+\\\'Z\9?S\'Ƹ\ʚL\޸R\\ۥv\c\,w	V\\Tُ%-X1r\\0q˛\mHmT#\\"~?ֹ\Ե\[\YX\\U\\rO\,d宿ʳA\JI\Z\G\V\R+ċVf8f\q\":\H/\\\*Ϟ\\ܓT0:o\\ZBR\nm}$U\\#\pRU\'^hzZ\G+*ܖ6\\0mL\Z\\!!.\$-(r\\866p\\\\\x5\K҇Sp4\W\r: *Oo\E|9uJkWyb\ep\\0ҟUǄ\z!	E\#ݧӏ\X,\(3٬5֖\\\M\ ?+\\Z=I#gI)\0ڧ\H1ƞ\oi5RM{7`ÌgQŶ/`4sk\5ѯ\Bon[}\k󩵟G)\Z$D\4DM,w;\\YF\¶Vl9\AQ\\}Y)(\KTy\_FiČnR~5Y{*/	0:\r\'M\\\ZX\\M?\\6>&ۥji\{b\\\Z\\\n\?\\{N6I=\2&o\NH\;7\?-r\\1Q\0w uJ^0l5\\[L\\\\0$\Gn\)[\r4202=\\6\ֈa!%	#Q\0=\RO\f@[\\ֶJc+m)\W\אV\e\}ks/k\\lh\H\K3\\\\\+RU\rS/Y3\o\2L,.3b\#r\\ZQJK\\\y\ BX\rM\T\xxВZbF\\\nBH\n\\\\w.\00\B\VLC\8\:SCwK\v\Hn\"#{\bIA\\L9?m-kMV6\l\q`ve\\\"q;\m\2Lm\p\\\\Ҵ\0kH9\\Qrlܾ5j9<)R\'\\o\0\\5L\^IO\0\}åhK\FF?|\9\^910tnOZj)\\l\!\ffE뽬~T /NLr\m\SPm\Z\Z޺#7\\\'\\U	S\\#-Z\ۃ\\aH\0r@\`:Lc\Zʧ\7nR܋Ċ\(`J\\m\[\ۙ\C`\GH>;Ѱ$^I\ؓ\\r\\\\XIkt<\G73\"\\n\"\:ɹF-{\r(زC	ea\x.\ދ{J\W_Nc\K\rt5=xu\nn	\xkL\f9ͤ\FOm[b\bns,ok1]\xZÈ]\[\n#oK4y֞,\\% \\\\\n\npDa\̖u_\I\bD\n<\u*$\'B>#/!`u\nGR\\KI\q˪ʌ~*\\\\l\60P\M\UY\\*\#\\S^.!dE^\\\a\3HȚ\"\]Ġ\057\N.9.\Td=U\\~cLVu2\\\G\Igɪ.\oǭt\\nt(\"E,[ \\\\E&O!+HxtL+7+\M\$<rѯ!g\$\\,L@ʃ\00\\$\QB\"c\;3\q\&ޭ6яnKFYb\bZ\\c\$E`	.<\i9MJݣ=>~,-ap<E3\x7%\q\-W\ݹ̷$X\\\bgE(q\zm\.\\r\\G>YJ\=)>\\B#ŏ[4|98in+;RT\mA#4MP`|\rvWڸ\\[*tS\\\(75܄\x\\3\yl<|\\"\J\:_SA;\kԨ/!LAbB\:\[%\_JmנQ\Zy5!X릗ܰ	qRtL\f>S<T*\YDJ\\oٲ8\ɾŽeͅ+<T\\\05гEbdH4\}>ʩ+OAL4\^^\qO r~R,\V\d\\+X\\n$Z\=	{t6k\\%\$i\ң\\E}3b]\ve9/Fa\v\'zVxNB**;	\$\ZmʔWkR\dlev\ZEVc\092d3^U?o\Z̋mH\r\p5j!\͍\EV\\7-\\j\erg_\0GcInu5CVTP\mJ550\L29lt44u><\Se^Vf\'zq\	\n\\v;#S\Q\Z_A\n\\0}c\v` \V\\Z͒T\\r*\"\<\\b\r\\NϟX6G\_O\Z\\\\L\rm\Q{T0\\W=ޥ\$\²^Vsv$\\J⵳\Ζ_\gD\\\k+\'\N,d6p(m55V\Z}2Hrk!T{E}\:\q\0_t)&\	]\\\"vV\{vD%V\"/TF\\m\ƪɨ8ou5ǂI,\\ZKȤ\\ndXK+^\Z\\*h1\0A\3x\< r\i5\)#i6C{l\`\\(	Kggx\)ȅЋX\Mcѱ\\\\>0BnDq؂GQ@\\8#\\_E\/F\'\P`F\ WgV<W<Fӑ#\A:\,1pdE>\87ڀe6IyߐT},H\zMXOyn=qØ7\\t\/t\u\RfE^<x\\*\\\\Z\\\\+\'dL\$)4\\\U\\׾\+_\ZzjDeCq\EU\Z)H\0M8cyzjshc-(MRa\Z\ӑH\e5\\oJm\'Zk 06]υ&	LS+I(Fu\u\\p+W/!\ֿJ\\7Rw7\'\+J\\ſcQ\\ZRH%չЃ\֪dz\Z:\\\2\\r\(\\v}{Wz\"Õa%ykt\0*\\\l%I\\>\Jk\\\oY\0\q\\0myjIOJ\G\5\\',\+-͕@\ֵjtA!\\=Xx`͔)v\N\\i)U\G/MXsWBdKۂ\\\\"#k)~_\"v#G\\qJt\n	v%\05\H7UU\"\g&\0\\g\l*\yY Grz\Z\\f8I\\\L 7=\\/Z\`c\I\6Xӗ3Y\e\{M\\\Zs<1\ܨ\Z:޶jV\2\B:Ḻ\ /Z\s\5ۃ\nMo0<k(͓!\ \\ul\1lč×¡qx\?c9yi5ν\0\M\x(	l\04\\d$\m>n,X	X\:Vj%K\j#E#-ӯJ<w\=L	\#zf/\'܁R\6yRo\s\$%%7T$\5IѦKD(!\\^\65I1%1Hqo#\|=C\nd\8&s\\0\>\ɝZ\A\[C\L<t\C\'td\\LvY܎4N\\cV@\Zp\5#i($g%\K~8o\wW8N\(ET_I4W+y\s0W\ujV\\r\<m\Ս$\Hn\M\0J\0֨\\6\\[;\'\Z\B3@y\nc\6\_*4X\ʑԍPkET9/\v>UZg*H\o\r`\ZU&L-W5\\'3]\\@\h\\\\x\Cʄ	:\\p\b\2u\LA\Bb:/;S\a\P$8Z\\w>tY\\n\S\\β\\U3\\M\07ۊY\ZI-zE\{KP\no\0?w\$>\.\񠬓ܻ\p8QJ5\\ZxZ\l\Wh\\"\g\\z^D\\\f8\u1c\\\\r>\P#+<\"Uh}%\\UXu\ZM?\n\\2<y\\\0\_\\\\Z\,\\VÑ\\0-\i%$\\P\\\2ު\cV/y._ΓqFլ\>\,h/.DY*LVe`cPI\\pEh^f0\\"\rA\g,R\\Ey(o\,\r^\qZ7[],}\--WM	k\\ny\0\\Q\\\\ٴD\\0P9\Z4\3\/\"<aMg\H&ndr7	\yR\\_W_qǧ5\(V\X\Z\Tu+\s\\\\\\&=\rZ8uI\Ñ+Dˋ\:],Q\\\H|A\0\\"£j%\a\ֈ\WK}NM~|E%DV<\XّMa5/X\a;S]V8X\I?2<!_\Ey\nY\j($\A\ +[=7vKś\\(zv?3ҫ7O>Q\Z|Y8\)2_4bjf\\f&w{\\zG\Oclzm1}\\\\\{DtkhbwZW\v\8rusZ? u\Y\\rQ\D\rב\\ZNK馺\[ݍ\Z\\av4TZD.F\P\\Pl\֦3\Aƣ#Ȝ\r\t{[􊒭LDÐ\v$\Z(4SbmhnCk*4{M\{ӑH	a\0\\'A\O\rqSHZt+;\)M\\\2\N\GZJ\\M#sS+ˎ*N\\M̝&<`TT\\-]&\\6e\0P~&\Wwu}\~G	\Nx _Ɨ)\"3&_\3@\\(\T \5k\G_WAZ\ʾ\dm\\ZZ\,YO\0s\­v<I\\5}[:uҡ$\~\3\0ۀ\0#\u61\ʉ\+d<Kn\\\\N\^$AAS\yxW9\\Z\!$1L\n!X[s\X9\\_\\v\F;vnJ\g\\\=r\G\9ћ=X+\\ !6iJ\\U T鰽]\\\\nI\\ȕ_HBA#ϞD2ċ`˪mud\\\\0<\bBSma\ZV\%@&\\$0~du\'$	rٌ\bP!񦲲u\\l|g\"&\\\\FHfLd#\@,PO\\\\\\Ȕ(\"d\Tn\\\\=|\\dC !\\VO\:\\D\\+\,_KH<\0\rpǯ\ʒI-ٮCNium#<i	q\\~AH@/B#*UAy$b\\Zp/؄}n\Q.\\\VQ\\,a\*V\\S	Fk\N5D\O2O&7#Ř\$\8brEӑй\\nv\ݡ\\XjoW1>Ka!mR1\)\\|tƈ\Z*(_T\G$P|\\T\\7\>\\2;\\C8ݼ\N4\0\I*$m\D\\1}8\O]<j\յO!!G\\\rA롱OYp7,NV\0\u\\]\Moۍsؠs1\\\c%TQ\m+h\0?\ni$_Rj\\i	WDtArd<mc\^&\Z.BG[x\Lim4x\fSB\V\U,ξ_Mi|\!PBHT mc&5V[^\r\n>V7\\M\rIbM!\n\0\\\I7ө#IQ\\/F\\*3wpu\*\\=)6\HFV\\NB\0qk\cYX\r^\Q\U\UbߊtF\"~1{j\s\R\qFi\"A,\P:ufev;~\>\pl|\r5\_cL,Zn\Է\}*avˏh\<\\e+M]V\,ˎk\\\\\\\\\\Q\Ϥ\0΁6jq)\-+E\:V\wdG	ڂ\\\\\\,0u\oǟAS.&D47Ov8\{Ԏ\xC/6PC.$0VO6\r,71qzZ\|R_H9Pd6e\0F#S\nLHe\ \,ln\׫v\8łjX\\Kx\I/s\v\\n\ZzJ_86iıvh\K\n7ꬺ:\\d<M\\e\]\\4X3mI\0(&\\0z19<\"mZqJSʃ6\\Rn\r\ke\\5p\\\\\\N\\L\\\lt\e\f\\\0\6OԶ4|\\\;*S2L\儒bKw\\,\\w\Z$Y4\5\=\-ւB\YR?\=k\\a	\k\\~`zQNElD=YN\\\}I\\G/n*v[\\\\\\F&ȝ#Fm-arMH\zA@ v\0\']q\It\ZqP}LZ\[\F\\P0Pp\\\)V(\0F	KxQk\ğ*d6U5fqHB	.\(\|\\4QLQNjI7L\	\02)ࡤ6\:]ݛ\I^yP\\\Kqb,Λ\ʣ2Oivru\l`\\;\\rn[0\n\\"k\0Lۈ<jI\E5\\^bǏ+۶b\\\:\\n6.Ԛ3#\5\ZL\n7T\\\lҵ\Y\\\"z 6^B5ːY4govS\ZU+nk\^G<j\I#kpaRmh\X\\FbG1O+or>CTb@\Zjm&4~k\7_oSٗ\o;SH\[\daҞh}=VC{6\iӭ]G7xR\\\m\K_0XF\0f\T\yPX,(#ç^]!onuG\\w:\0\U\K^\{\t50\\\ٱNAY\QAm\"H7+\י\\Mx\ȗ\r4Tۭ\}\o\C\-r64\/\]@\\\)xiY(5S#\/8qd8A_QĈe\ю ɔ\B\dOZLY\"揰I,A>L:\V\V]S\{^[ʅ܎\n\fJYc1f\\'OXy^\DH:\N\~#S]WZzGxϛȭ1*\)U\2r\$D_\\\Z\;g.jȚ8q-\\1\H:\I\Z^SX\ig+M\\\\*2{V<hm\0\0_\Gc\\\\+Hw\\6\Zō\10\ZP6;\.I\\ȕqfNJH\5:\\\k\}Us\pVs\i\`\2\\\'!M\Ja\$r\JLnda\-`v;M.f*h\\P#\\C\\Ɏ\oS~\\rB\0o:\km\\\\0\\!C\\lbnRO\i\\ظ\ovwS)\j\\2H0/6>5\'\V\\S!#]VNwB\\\f91`6d\ϓ}ynmz\X\tH\UFN>C\w	\kPb/\\0\nVnN+,dnFɩ\+\\q\^j\E*e\044=\Gꀫ%ەdc\fi1\1XKЄ$o\vV~d9j\\\AR\\i\\tX s8+r6\|\ri\ڳOn鮍y	\\)dl/Ѕt!Ҡڋ>n\RO\g{L|G\E\L\Z!%\\^-\H\䭽Ų\%U\*]\\\k\r\0\\M\\$\+l8+/\<\\=C\!]\\/nl.㐢P\sԟ5aY1\\)6l\8AG)2#kNUڮٙ\f\\0\gɆ4U+\\r\\\MJ#7\c\x\2J<	\ZK2|ũy?[S:\_EZ\\{_k-5\Sf,Ǒ=MI6\qǃ%\!y(<jS2\	8TrsaǊ2l\c\e(V#@Ժ~.C~@\*	P.\0?\,t%\ЉV#@~ʰVX_= \\U\^ 	l\P[coC\72V3ɴ\\Uc$Q7ԍ\0W񤽫7\0\qz_[I@\6,\&Rҵ\mnE\˕\r\9PqK\ho@(Se\\\ \\6\\xʍ\c\"Q L\F\\{#\O4rh:xiz`I`7A\\zɢ!\\-\Zo+\\\nf\\C\Ut\m\k\FԖI!eb\rnN\\\ʉ:L$\H\R!\<3-l\Z\Zm\vxBA\\rDN7f\Z\UoKo}I\&2\q,hl\&Ys\N@ڨ\\?\~+꫋\n\Iਤsv\ڢT\c\\Blgį,\\5PYť0\\-%.	u|u\\\\%UU\n9\\0h\}j?)\U\cF\X\\\TZbB:\nf#Ԟ_YoFo\\@\'\ay-\0qd\}\Xm\ͷO2\j\Zw#{`\\ud\vڽ|zp\\&\\\0@G\}XG\'Ӑ\̷\Z/\\\\lbZ0ڈ,\\\\Z\\0\Y7aqאGvO\]ʵO\V~Nm!|n\"C\eAb[\vWY?\n10O;S	\0݌\\?\˯69`\\Ɠ.YPO\'m76\ZRڜֻec\\F|\)\\0}a\\C<o\5A\0j>ُ\hZ`\ҒE\"rVxc\*!6!s\tݛ\ B\.\\\\TE\\*-MI>\\n61{r\V\\*&0!\ٖ?lA\,\s{Z3n*	\\%I?h\)ˁ\x@\&$F\0\\LI\*0<}˅^#\mH	U\qqm(\5Jޓ>hw\'u%q<QN\\7\R}0]#*ͻ4\.5ȏ%/Wj)1qHl	\L@Fo\Km]l\7k%\C\0\BAB[µ;&Õ.4*\yܻ\fFQŮd+\\\SS\\B\+\\]\0\Y\\ZN*+VR#sn솓\"1.E׸\a\>jh$f\8x\qE㍾:\{Gs\ITÐ\6\\e66̺d\m[p&\Z8\ڬKڗn\\!5c\ȏ\E-&A\˸BF}\'>B7h\&\\7K\%\J\D\rkx\\\\Ɩl6$\\R$\\\04ڵN%[+\ZT\"2br1,d7\ڐyt\\᢬&N=\J\*_aW\6\0\\'Q\\ySQ (\\*\\_\3\\\rn@\\5r\\͆\<jT\16a`	҅t&8&\u2\y\~Q\} x\V\",r%A\\+A!I&G\§R9{\r\cN߻g\R\74\'H͔/\W\%fV_I\&2{\(\0O#o-\\[\MA\'\M\\Wdn~\ӍGϑ\ZiM+j,N>Wmq<\\ʚc\51^Ʋh\\re\\*Z}\/kPT~Z\ySFm\Z\!Y۹hN\\"\ޛ|ܿQ\~ZЁ8َ\JJ\obv\C0\|_\z,\Rdb\4\vd\S 7(h,hfě\4#녎\t2/#<\zU[ \\(\q+RGUVN\"c3\0\ZȃE\n)JٗN$\\\"d>\{Z/	L8m;d*\rMU.S\Z\<RR\\I`n^F>TaV)c\0*9\"{p4\o|\vz]͑3:\)Ymf\a#אּc؟;4g\V\oj6\	^2c\`lHAa\X[¯3zn\nx7\m\c\\C2\Jv<lʏ\ē\\xUc\\QL\o\bs\O%pc\\\Y_baDPv\cf-kؒ\\\nłev5fGT;{\\S?\{<ΰȀJ\~LO>;\Ge[h\s\\I-e\\\'	afŋ\n\,}\=l\ŗ@\\\\Q¢1_*\\9<Amb-~;\VסNa@~=\DP]\m\xc\	x>ڵC\nwY2Z1+\*\q#\%0\s#Bo\\Zj\\?^g\\eJhŕnF`\GbL\!}/kY `#*|[\\s$~5\a\Û\{S\'-\qЍkn$\{B\".\\>r~\\\3b:.f(7g	ڲ\\	t:Ua\Vΰ\b\>\A(\λ?č\\{n\\\Z\0*ϏXU`\\>#\i8<yuVP\\'c5YX\`\'\&PX\\0\'>^?*fDHӊ6n{\0|U\'6FVak\\0\raiI1O\ZQ픷ML\˲]aR\n<w_f0~\n\0\ޫ\Hu;ު\E;w)qUkǕ^466n:tI6.1࿘˫z㮵7 \\>TG\\hw URF@mI\c\se\Z(m+!O\'\U|\\ \G#[x\!BӀ\r\qm\Dd(oaqo$-\M!g#\\Z\"ɼ<\e]{\'ʋp\\|\Ğx\nN\TA*\zZ̓HäM1\Z\W\oo:MzKV%\n\ZY\Z\M#\\h\\0	%p\z\nUjWnҍ\7\\*qI\"\\\\"\ϔ\\z4sim\0\nũRupC\Z\n$b	\;(\n|\_\n\Z	,lIb\\\Nb\\|\\IGPH\KV;2Y0T<\K\VmDZ1\n-DGw\\'/\\'\lS\ϗ\]\A\\nHܑ6^::YLm!\<9O\Vl\\r&X]@\-\rxS\ۤ,#_\KKC\-\U\'Pd\˥+|\r\8\h)|)\{}\!\<KSy\~9<>WZjCX\'##\e!\Ţ\03y8s}\:UbU\-Zf%!TǇP\CA\JEH\\\H`\{F\\o|꼗OAS\,8\!\0Y\i\.lyn\R(;\_mX\\~u.U\nnҒ\\23t)>@@\\S6V*Umo\	q.-f\rkz{y\\\\"DO+[8<C\r\D#ѫ41?XYo\o\\0\?H@A\o{R\MKh\%\?é\T=H\d\"ײ\\\6\HǼY<\G¬eF\\!\\7@ӥ\\&ÑKKrp\	\\`U:7-U\1\/\\9n \V(\5\M\ŏȬ.\l\\z5Ż1xjKj:b9D\=O!)?\\?\jQ\\T+\Bot\OQNι9ys\'\Ĳ\NV}xսԓCݏ~L>\Fu\\_uϩ\rLe\gX0\x.7{ӗ\r7ۭ\"\Idr;/9h\\"+;7\\D\Y0ѽY\\\\\1/kl(U\q)9\ţ\dC\mNQr%\\'\n1\CK֙VO[\\0\yMuJ_4\\$\y	L\\h,$i2M1\O\-\OQYL^	[kn9goylŏ\az\\R涉S_\\\޼2\02\k[\@[w\`\*&r	!$2htF%1ʓ u~vo\5m\:ꛅ\\U\\4,t\"݉Q\	3k\0>g@Mnt\n}\Z\Z)\'\\\r\Λ\`AMn&\Z!\cSg\aE\:\_)/\\z$PX\\{bx90\r!Չ\XCb\&\\\nm\n+#~\e\`O\{\\'\0F\Wah\zI\N(-\)_B]6\n5VO-T\}\Z\Z\"Ę\nZQ#ʒ(\G\\0\\0T~֗Xk93\\\\q\*9\ƳJ\"P\x\\`\0!\kkcdC-*lI\0cj&\inEsy\H0k,\J߈o\O\5\\b\\Cr~ʆ,G%10\)65\ZS:K~NYF\\rv\ZH\'Sy\\cS&n<r\\r8ۗ\]i<}\\4z\M%keZ˾ZB\#ɬJ\\+}M\0#^f\o\\qUxT\^$i~\	`4ߥ=\ˡu\\Z4\\\rȀ<LqaQ=nlk+Z\\D@>U^er\\]\0\G#\_\2\${\|\ކ犀}jz6\01J2ޢۍr\{\\0O*+KXMl\FI&̟\ƗQ\0UA\96s+E\O\*\o	Q/2\$[\\\BL^\c\k}MfDX\\Kw\0o\rhsgHCp8\E^\^	er{\\nп\p/\0K/\*\\\Џr<hK*\V|	֫/tx\\\n,\\	QǍ4Ro\\C\\	\\nҴo~Fm\7p\yy\C\\RH\0ݴe\\\\\\7\UY$\"3/Jcȋ[\\Jl\4jHJ\Ș$^6\x\\1\\VVDOۤj\@xdS͋\}:iӉ:O2k\\U\\H@cp\\ic]/k$b\\Lb?\\6T\#2\}_nk1_\"f\N\n\\l\EK\S/1N\\im.\E=\P\?3*붖e\3	$7`t\j\0U1Y1\͡?\0S\bI\\F\D\0rH\R2ɸمS\\6\\k%-6\&h,!UxF6OU#<~@S7i\Ox\\\r\o\XגJ\R\Z,h\qU\\A\T\0K5oh\mƃᨠ.44ekY\0z\\\TIތR\M+F\\\+I\\nu\DDm7_\H\\?*T7B\+\'\[\<i{ԁo\^Nuf#\4-\G\\0\K\rю\STp\P|\YIl.l-\O\P\rյ\F.Td@Sړ\R\0v_\a\(=\ߑo(2\F{\4u\~ٓ(2s1\վU?>ͩəu~Pp@\\\u\Ƿ\RZ9Wc\\WѠ\c*\H$H5\\OE\\kхg\WVom]iCG F\\\H+\ZEFZ\\r@\\au!B\"\Z^SaȺo\e\\V\\'Sr\VI\ŉ#Haq$bE\\ܭ\J\x=\\x\I`6\\\z\嫭t\\iCX\?blG;m)y[\'8~P\>\Cǥsݝ,Vx\Ӣi\F:\us+*\$r\\9rnY?Zj\Β\=㓑\Z,2qp\Z꿶{\L\D$0\å_\"uM\+o()&	U\\\k\0:.D+»6<p#8>\0p\\?X\"	Hv\akq\'gJ}\(%Z\)Cs-\CIeu\^\\&h\%k\/u\\\D\\(\\j\rKZlr\52I8yRr\nVÞ\S^.\}6kڻ\\~ٍ$\vE\'\U~\\\\\>\"n*VEY\B/\Eh\\4\Zf\@&\[I\f*\\0\Nu\\Ow2!\\~c\\g۰;Wr\LtQ\\\r\C\\[yR\\ھ\\0\ݗ\0a\0\N݀q#\]U\\HVϕR%Bnw7ghm\J] -\h4\\\\\oF=8՛\>6d<xFη#u\\Q\V̗f.j\[s\\\\9b\n\mb<<*a\g2@0@лJ\_YLݬtlQ\#Y\\ʽ9\\I\Ǌ\Z=\\TLыH9~\\z\\\m\+nS24{01?\\[Zh-iW\\\ꄘ\\~\Z|x\@O<W\ b8\'rf~k\ҟM4+\n9\\\^W2|Qv\#݇ɸ\0\n\=fk`/\E\\oj\\\3 %\0n\r]TӘ)\>\\\\\V\\?\5ou\Z\rOE$LQU=--}4.\'\%NBoV)\۟\\W\\e\\ӝ)[-e!?<i\\)\Ρ\\ub@sߗea\;Al\q\S\\\jƃtd\0`oy\\\=\hF\Tt\v0yC2S\\m8\y,t2Wbrh\\~mj\\'[\<L\(\\0\Se\ȵD\\\\\5:*\\dNTcve%x׭>݂r\ė==\޶iLϬ\ov/g.c%\0\\LJ~Z\\`!a!\]Z\\Z`-\HE+\fX\R^\%}z4>\\r16\}\S\\\]\\?\o\QYӜ\rr}\.\\VZ\[Wq\b\r\\5\֫\\r5\\\m\z;a\0j\\tNF3\zHQ\*A\M-Bo\nw\\L\FMk\L\T\+\sr/n\zν$\c$\1oʊkӂ|xRUTC\"aj5\kɍclF\o\7Wa\\\\%\Ys\8NV:xkw\\0ne8Ēȓ\fϟ;M<>\o\"\\\\]aq\+\'o~+vE\n\NJO\W\"JԳQ\$ܽџm\\zVaFlKY7U\p\\\A\oT_:u\r;Wr\8j\?GBZ\+gɿ\\]jk\\\rc6LN\*\\Zw\Z\6TR\\a_\'sn)\0\\0\~Wi\0`\5\\e}E@7\\\n;La@W\0Z\\0\';\\*\\b\_\\\T[\s)Iu-\u\9>܆\0*B2\\\d0\\+䨥_\$M_\#\+\1mI}\0\\?k\h\r\\;\\ѷl\@\\\0/UXxK\^\fA#\\0fX9/qҪG4̑|\\?\H\0uz{4\n2\Ƴ>`0\L:|U]Uj\ֆ/y\cwSw@?1\\=	;on?P)?ά~fbǋ??\"h\0\\ƶ%}:.\0\0J{}L\}\333\PqGvf~-\SN\"*\c3Ȱoц7?\r\u-#ke(\0\\\i\k\\{\G\\n^5U\0Z\\0\2>#PYMz\\_\\B\o3Cʈ\G\X`ǌ=\\g>\]h\_\^\,\\s\\E\?ư._(i\\r9XbbnT?\\G3#@~\0\^\K9-\FI\\0sf\f7\\\<;\\ڰ+8ڻu\#h#Ե\v}\W\f!E\F\\Vxr\+\0~˸RӘεKN\\'\\߶\377Zx\\urѰI\\.\0F\^<+e\\\4_ihk{ۧ\c\)\O\so\Vc7\\s(F|?\0\5\:<\MkO\MtMz\\\\\0G̤D/<=%\zS\\{\m.:Q\\/]\rHLkgc\0S =DCW5Mt\߀WK4\\8=u?S\w5\\턌,\$\\n\2{\[$\*ksQ~k\yK.\00,5\ocfyO;ݏk/\\Wwv錬\c\\ߠ~8RG\Z\\\\n\3G\"\0\BĖb\\ڸY0\'[\n\Ů\"\\U|u㵫Ӵ6Y\u\0\Z\1x3\咄~{k\]\p8\\\4l\\"ӭs۵͑:f\\&{q4!\\hj?-Գ\[\\\m+,eh\͋\\Z_Y,c\,\9\'\'`#Z\Zwh\\`\\\\\\\\0p\\\r\w\Ґ\e<xں\"WMP\ή_r\ENi+I\\\3D\]#\]KdA\?yc\\\"f\\V&b<{(\\\R\p*j\U\Ex24]\<\v\\0n\a\\\B&E\"ޠl<W\q&xے\\QPv\'J_\ևL2\pi\0\\?:\ۇs\o	\0\5\v\\\\Ll\X\=/2Y\O|]]*\0\P\\A\runL	\>׃đ\\0k\'M\b[\Xh776\\\׃\!ȕegnU\VRՊn\\\k\\R\"Oʾo|+\ݖn\$U\<\\\/ \N$\\\Gn\\SY\\3\ԬoЩ5?\V\\z![\O\\0$XlMu}%\\"(\OoL\D9­]HmΈE*\2,of[\\\Z亼\0v\\\0\\0\#ڧ\Zlo򮿻l&36/ʸ\~k(y\\V\6\\\u&ɫ}\vd\C\0PB\k;o\\\Tk\Üדm\n\\\Qdꅸ\<=\k\\\sP^IZ\G؋TS[\Z\M\rx#H\\VK\5\'\E}^O\\\n\0oK|\lhfŴ\\'\*\Z\k\0*ճ\\駄c\\'\\0?̏\\\Re\=\$P\\p\Mɰ\\\\=*\k\\6\y HQX%1+\ J\\я\ҵ\\\ݶIfH\\\\S\\0-\Ǽo\Z\\0v\\0*\knu[̯x?w11%A$z1;h	##bF\0ʰ{\>[w	K\O\\6\	{j3	nT`/\\V\~?W%)u\N\np;\Z(P:J\\X\\ \\wQ\C[\?\XF%,\0	\'Kr|\T\y#eh<5\o\\\\\i\\)O9\<o\Td<l^4\tkC\>W\<i\\Y;fs%Y \cG\\\\r~zW}qd\[+Ԛ\C\\0\a~,=7\\0Vwd,;n^Kn7<\"򪎾f\iR16+zy\}\k)*\0\\\0\\kse\\~ʌ\\i\9S3\\'{L\0ٻ|Kx|v\8Bx\\\"\W\\0ٔ\ƛx*\C\r!.\\k<.D*:qh\0ȸ\od\sU$,\RS}܊\`Ip9h($r;LY\yd?է9(\\,ظ\?\n\s,ɫ7\sca,\VJ\ġǏ\<}\\'%F!F\ZT\Zp\\wy%%ٖ7G\U\"\9\Z/h,m\"\\פ\\6ɦ\knk#j\'\h\0\c鈟k:,=\pc\z\e\Mk>\3>tc\i$_\޴;q\\̙&g\Tr\0%5\϶w]U|\u\\r\!\\+\\\նv\\\&4N\\@Hl\kr\ܻ$\&gqF\\\<\\\B붦\EyڴeLlοW\T[FԭC\b\7Hdf\x\\0:/\0Y\9?R3\\\ukyUV2Y~Ɉ=Z\\dq\V\-qRXXt4d\\\\0RQ/\Vթ\]l\\yۃHV\C9S\z$\خ\Z\\\\}\DR\f\\mNFV@\5\0UfȞuEˈ\SC+Dv\\\!	+;\0Z=\}ŢH\nA\"\n\^\\\H\08$=\\/\X\/g5V\Yi(\\Yi7G_P@\0ܻ\0S\<\\w.I@z\{N[\\r\r\j]x7kˌ\.8j=\e\xUO\q	?yQ<՛.I\K9\0S\ۧOp{*\0\O\jj\\fQ*\\"\",\0= \\Ef5I/v\r>\eg\dM\A]_\\v<+V\\`[.6&\(*.֙X?1P\Ue<p?\\5&oth\\\,\m\rS)A`CP\lMo\w:Yh0=\\Z֛\t]Xfe\\\1\ʬDP5\\E\51F~1/4`	\&|\sz^©V:\\NYe\\X\9uo@\6>@\n!u}NB\\M\V@\4\jM*irse\\e:*2\Gs@,?ƴ\ϗ!9v$8u\_2É\"P\6\\:\w{\m[mw\ϓHbD,\\W-ǮvV\#3k\rk`\nb!-ՑB\05 W\\aztuuu6\J\=Xmrs\\\a2 b}+!oK\>*jF\\e)S<En=i.\G\\ѣ\'і\\\O6K)QVT8\$k5ڈ\\֏#4?\\$\\=\)ŀ7\\0-9ޡ7\+0$\3QgG\1Z\AѪ\1Lnޫ?Ź?ڝt\m\\|K+q&(\&\:L\/oQ\nF:y\kҽ\o-K7\Vbx=\rR\#+9\'k\Cje_Ъ77ޒ*&RHx!\\\0e },pijdj+\eK\3\0JF|\\W&\UZ\"xr=H\\D(\'\\\\X\'R0:v6mh-\v\3Z 噬_\ݿ1n욍YA\QU|8\O\,x<\H\x\\\BP\\U)x\:{`$J\n>X\0\5URݷ\\j?\2\ZU\0#u:C\Q}QH9F|T\0*I\ީ,`|U\hY	b\sq\'I\B@\\\T6u\_F[uO\q1츐C\\/A\ʳ	]\5f (\06\\.`H9&!\<\\ۧLTd\LL\r\j\Y\0Vymm\\Zn՗H<d%\\޴;э\IBY\*C~j\\<L*\\x\"{\{\㫡ex\1_m^cޛ\\Rpe\:K޹ErH\\'%Y!\g> \r*]1\4\5\\\	>\ih잦|ty\8%DFaŽ#CC~\_p*6&Bŭ\߭-sZgI>Y\y\\\e\0(\\Y\;\If-gǻ-\򬼌\6g\\aXn\0\v\?s&R\Y\#\\\"M$\ZdYp\"\2\3\t%j܉ӋyQ\9\\70ʭ?#	\'-h	吙W=9(Pi\}\">mGO\q\.)Sp^\\j\\\M\'jQ\\\\"<O&HH*\r\Z}\"\:m4\hcgpǍȱ \u\ވib4\n5w;(M\rȑ\\ZD\\ͪ*\\\'C)?\\+Óh ni$\_@\\\\nT$\֖Dl#\ E\\X\53q\Ā+z?\"YH@^s\'/\\4\\*;\2䍈\r\\[nM\h2H\Ċ%(?ƛ\wDA\?iY\>#z*H&qȡ!\\/\Mwg\\t\ڸ\\=\M8ں*6\\rJc\Y9X\\Zb\A6`K Dq9[֠\3\oeQmЖm\Zne?3E\0mv)`\A#OyZbG\\wQ|Up0\"[Qaj<f66e\n\תJcQ\"cP\Z\\\nKAx*FUv\Tm%\\koޔF\%\\w\{\077\U\}jco\]\'#x*\HR\\ߡ\j42UboUBkCn\Zm\HPz^f5&O0gYbP\M֧\n(0jReS4\Zр\LJֹ_u}Q\<\\\V\Aj<k\xR[Ԫm\ P%CD6\|\H\\\\July4F>*	\\\\\+\0(V:<^.\ƣ~d+\1\Y8s:\?\0)4\Ό9*a\L\07\5&\\P!\\t\'kqɮ\\0Q?A\0_Zѷ6M0\[9_\\8\HITnEA}\Eb\UI\,h\&\宦\\j\VZ`ȊP6kx\Z66t\#i\"6\\!;)\<8Ĳ$I{\0OZ\\I9I\-շ\\ўh1l6;\\0\o4IJ0\E\)0_nKM\d;\ܼu\n\0\rImhܰuxOkj?o}	\0+\Otסi\n!yֶ8\\G>\\\܌\\32c\nϑ\\C^6|[<:\5 \\A\"X;2*\O\E\\0\Z]_]\0#RFoRɣD(&c&\|D\M\&F6 D5>:XZK$`\B\r\\\#H\\kX\|z\A<4\r\Z\#cT2`լ\0=I\Eon.k,K&\z2\r9\Psqp\$9Q\\\b\\mg͑,f\C\\6\z\*Yr\#M+_\UX\\*\0N3\\\ʬ8c4Ϫ(\\0@3)yn\rM65x_1ā^J}\Eo\Gl(4\\C\$R vZ\q\"e&\Sƣc\\:\\I3wo\"F+;\_\xAc\\|ϵF\Z_\\Zx\'\ҠUC\\\\0\G\@\f&z-\Eݍ/W\Z\%;>dЩ1E?	\JNiٝI5\\(nGa[\HR-\kzb\bx\%:\Zb?Ew\x\uTE; XX}<אZ8\\د\P<2Ǌuދ\\\\\.\A\*\\\EӁ\\\\^\Z\V\m\\\rc\nFtּ4:\$։q\}j\\-5\0UȨ\k$TaqSm.vhC\\v mͺ#qȫ*\n.1\Б/֪0\¯c\W\a\X\<~&A\\wLp6Ps$F\}\\\5XW]c\\\\\n$zT\\1sG\>gj\\Z\)\p\,\-U	6\Yt$y7E&\\r<\|kҠk\\}Jz/\Z\}ryL$\\$C\7#N\'\ʃqlt?D%dc,\0\\\Z\\\\'1W\S\\\\\\\(1O\$I)7\\BHo{VR4\\\Ky{5\Xٙ8SV\0Ѝi\\p\t1\wpUޡ\v\\r\eh:؋iU\\#\GKI<M[jɏڦ\\H\Й(E[`\yj\ZJjԦtg.QP\V\>,\Ld\w$\`Ts6\~\IJB\k(\ 7֩w]O\j$XYIN[B\\_\A>&0V\'rdiit@G \\\n8A\\H\"R\\\SDZ \iG\ciqi1f\vqm	ڢ~\\q@\E:3E\\/U+ff34\3~b0Oo\*8\\ݺ\tu\7I%%ܒB#\t։\<mE\\Z\'4\\"\\kѢܳw_\iT\|.=K\\{ǭT7?+j(ҹ	\ok\P}+K9$)\>@\LI)\5j*+rn&\;R}\1J\[@ϝ&\w3[D\\r\\0a\\L\uie#T){\r\\r:]ˆ;\\S\\\'zL4<#})#\\,v56\\ҽ`N\EIk@\ޟQ\'\\A\\QA\nk\"XzQy\KX:_JP9\Ǜ$yX~|vɅ0\$yӽ\d݂_\n\16%@\Os\ \yTZ\\odՇ[mUOΠk0`|reCɮ\V$NCl\\H8^*\nM#\Q\6L7PumKܻk;<\!\W\Ư_owV	\ED\ :+\\\Z{\\bk:rǛ>\ߧ&drܹz$uw\02[j\\֎\Hr\F<\\\:|+=\\\\e,\p{,Ia\OZ\\\.!Wc7m[\\\\-7Ӂ\92!\\\r-\\e\"ID/\\"T\ӭ\V	\A[#q\W\\c\\\\ȹ\\\XЈ7\V\kU^+`\\(\709\0i\_\I\~cK\\p\k^X!H\0\0J&VuU㭕Xon ߥ\ȏt>\ \0{#\[|Nye{X\^M(|}tjʨcƨG#zǩ\ٽeCQ\0Tԡ_MM#\6綧\p~:TO\\\ElA\\b0\V\\\yX\\Fp^#	\A\InW5\\m0}<\rO\[@9\=%\\)L\ۓ\c\}J+ņ\0kЯ\GfΣ\\\\0\?Ʒ!\\|E8e>7>_OF$os\-X\DbڝG\/\=9\_@\<y8w jGoH`\\t+s2w߁:kZ(ȯ\0D\\\mnV:zJ7kGҫG\|\ѻ{jA\S\\`lTيԨ[\ƇgnYX\ \#~L?§z\\0YF7g\)\\dW\eN\oE\w!\ra\Y\2F\\z|4\\>\Ce\\#=nO𥹱\\\\npG\2\0)\\^\\S#8UE[+^\I\\ԮTT\\\\A\Ŝ{\]*EH8,Ō:\4³oY\!$TXn\&Ab\\\\V\\|AwkƤV}ö$O#rL` eB*\iޫs^Z\ZT\XS=\+.ub\no\ғi:\ncVT  45[\,M\9\\vJ+v8\\\NI*.\0ec\\o\\\\0O\q\6\Ȝ\\H\\F\\\\\ H^׻F5%\+>7\&3\zM\Ri\s\M[\\Q\\\ \\\0\zt֢\:765b ˏ]	\SPAZYVmc\m*j+\0ա\\r \m#_\\ ,dS̐Qƶ\\&\c !%X\Ǝ%\n>@:~--T;\nf.\bG\ŶnDmcU) *\\Z[\#B|Qe\\k\\\у\\}\^^\y\G\=\f\0\Y4ю(I*Obs4|\%) 9+P\\z\"\b\\.WZOb\P2\\{=V;\x1v/`\X\P\t+;0\'ꐆ\a\\ʡ\\\\9\'-y	9aL\Vru;Qm\\\ҟZ\7z-\713`i\3\̳\sW/\dRL\\k1Z\\\V{\5]\b icgSc\\-Ϊ\xsG\\k/\'\,W_\@bܕ\\+(^\\ZgY\'`:]\=\Z\،yd\\\\j\k5Kx\rŜ}Hؗn4\;UvBo\\Z\\\>f#B\B\')	P\m/-(4CoI \2s\p\0ؑ(I[*W䳀4\\ eB[Pž\'r\,\!f\n裭\OЩ(}믅\rea/n(Jk8\3\rYy6K %\oZ\\Y\.\\'\<VQxs6qi@GSd\\Oe79CM>\ʯQx\k\Z\\'kۑm7\mh2K\n\Ȳ\ى\q&XrGQ{\qNﾙ\Cq\y<n\\Ѷ\'\&nO\Zқ\ʎtEB\T%S$\Io:U/^^\^,-U5\\9;\dV\Z@F\0c R9\Z\\m\\+\0\\n\\\kSZ\\\\*\\W\\Z59\ANķkX_\^V<~oz\zz2M{Kk+\0z@|\ޏ:zy׽u\0#\\S\W\\~z@??p^P7ו\}yW\#N_uX\U\!=7X\^P7\j\cz@\Y/oO+W\=:^_*\0\L\\o\\z\\\u\\0\{\0^O\\^~}\?_uz@\C\z=\0Ou{\z\'\7\\\0{\7\0\W\\','hindi',10,'789','2/2/2023','10:00 AM','1:00 PM','4:00 PM','7:00 PM','10:00 PM','streaming','gffdg fg'),(5,'gdfgd','4','2d','ffdg',_binary '\\\0C\0\r	\n\n\r\n\r \' .)10.)-,3:J>36F7,-@WAFLNRSR2>ZaZP`JQRO\\0C&&O5-5OOOOOOOOOOOOOOOOOOOOOOOOOOOOOOOOOOOOOOOOOOOOOOOOOO\0h\"\0\\0\0\0\0\0\0\0\0\0\0\0\0\0\0\0\\0E\0\0\0!1A\"Qa2qB#R3br\\$4%S56Ccd\\0\Z\0\0\0\0\0\0\0\0\0\0\0\0\\04\0\0\0\0\0\0!1A\"2Qq#a\B34RSr\\\0\0\0?\0wZd\XU\u\\̯ǉ\\+\޷MDN@f+ݼ\'j~>sk\95\0\I\\'{3&6Z/\0-\\\煐\D%.:*<E[TZ\wVLQRa049\A\S\0\*b̲PsA	{\!\V3\Z	*\\d\0U*Rc}\ \n<4\z\"t{%\x@oV%{`*\@}\0\?d΍\D\\01&\4\\\iEò$@\0\n\Uen\0[\DPP-B\0A\\^\Rj\0t\\Z{-K@	P\#Qf۩zlk\&\\\h\!\z*\\WQ2ZXDmXMP\4QW)t\Ec1\\\'8\\\0S\r\i\\\'`OmI<丆\JEQ9\'(\\ޥ\#!ٮ\)ꝮIh\\F6B+g=\\	t(\\0r\ps\T\ke\E9-kޖ<\-\3\\)S\\ު$ˊ\L\\Pмuy\Hcn\Z\\kcIW4&\"-j\'&FOdd\\ɁTqPW2\\уϭ7I\'\\Ș{\A\E*>.\J\\\Y\OC:k\]{:cG!Z:{)-\{YƎ\Dݫv\Mp*\=\\\\9S\'L7!S8)0\;*\\w3t/耟;#\\\:imV|\ee*\͖v\\\0\\\\[کsP\0崣aZ@.QH;+_;\\\pw\\M쎯&	ϪaA-ɝ#uTxţ4\	X$t3/\\*c\؎Ty>P8V8S)با\hIib\em\$mCqհWb\Z\\\\tCŬ\\\<y7P~?&6\r\h\7\FE\RF넁\lQ(d!\H7\"-2Un{\r\Z\J\\7Czhʚ\i\ZƄhW;+cech\lg\.s\0;\\s\6]/L\f/\x4S}J\\"9PON{0\~\uY](,1SEyY&L6\\\\F9\\}\n\k4\uT}\\@׀\=֬Xq\r^w\0\\W\Z\]\.h-\n\K\2gwAkx>\g\Fv\u\Zh\\}L\\g\!\\˗)՜\9yK)f5\u[J>!(U2\6+<Jx\\{^-{|\<K\\=\\=NWX}\U4̥H\:O*#0\r5@\\G\\0,yzq9v^C\M\\Y-1zמu\02\\ |\\\Y.\Iw\\9fl8hn\alPr9[{+~Lx3\6ܮ/\\\V\|	\I)Gp\A\\{./TiY\f9V\Z1ͥS@$zHK\\0V\U[G*\TS7@\0JMIF\\J͢$\\0?(\\)\\`\nb\),6\*\N\`\\M)6F\\[p[gu	\(-pߺ\\$a[\UIYcc\\/\\|-\Z9\T\ILC\Zw\A)#d7IՌ\Wʶ6$R\\\28l\2)v]^Z\r\zIvZ\\%eڣ]6 `\pjǳ\J\\7(R7\lI9X7\\ǪV\-t{\]v\Xّ>Sa\=k\"Tl5l\Z9\Z\\0^]\\q\iŝ\vl=\$!(oN\f\\\ND.\\e\\XB5\?T!\0zn\Ʒ.Ύq\s\\0%L\\D,\\)\"\\[f\rMm`$0<	D+`¸ =\S	\µ\'\4t#1ER\>*\o7\ۻ\\\tXv8\g\\\\qޫLQ[&T\0\8腐HHq-uƎ\\\{\01\u\֋]V`\۠`.\<ٮ\\zlB\\\"ˌoɍ\fepÌ\pF\\\\ܼz68h\\\\\\\\\\\'t\H28\\O8ȄOm^˩\8%\Ȇ\hA\S\/o!R\@*\\\D(\J\sA\n\)*KK{ڟ*Zuc\"J\r\QeV\L\0Z\\03]\CI-\O!qy\EY\A\d\\h1\r;kq\򍔂\BV\1-m^\+F<ZO\z~7d 4z\'K\ZKWq\#h^\#!hҖ\k\\0\U\ZH\TVN|\k\\R2\\c\"\\0e\\>|v\+\\vا\\\9E\hƍ\֨ar\\&\.zH>\\z\\\{,vbCo\\w]\=&\\\zkЮ.sS{Ҕ^\\\\%#Z&j\.=\q\\Z\0$|}U3C\'\p-4S`\\f4?F҆;d1gZ\M\i\sO\\͖\v\\ZG\lrƈ\qw@\OFnǏAYr\a\\lV\\siBf\\H\򽼄Ќ̶_M-fǃ`\ZAA̓\^Z+X\\	M\bvY\;\v\1\R\=9BdoU\Zؚ\\0\©tcӹ\g6]BڑN3\KN@ޭ\\nկT</&:\a\\+u\(*G+-\\sh`\.y\:԰H\XE\=VV\2D\9xB-X\Ȗ:<-s}Q%m!\0\Re{vUMLw*\0\'dcsSi\( p)-7D(\4\L\Y{jH\jUv\*`0\sH}gE!_% v]_ulr\T\ɴ\c\,s\	6+)ۻ&\06_\ZY\p\\6]\Dhs\\8CSM.=1F\ZM-/\YhrtG쩡>@k]DT\\AKKˍh\Z\\wLA\\;R\*|zkHrS\kO瓱Ν\p\\u\\6\q՛q&\\g>\<<jvtoh#\P\0\r\0N\[fd\]\q\r\\<G\)\Q\\\>Lq0=\VFaׅ\Ǩ\\|8\~\zS\rC-ֱ˅X\{\7H\\\0\0i\Ă\\\z\\ff\h-\yF\&j\;\u\/\"\\\\\&VgV.I\0č.+5)zߚ\4\0Zt\\9\v\ZO\gYX~R\\P\!%\|\t\\0,\q\q%h\=}OdF\\okht7^){\揽D\7\`Z7V\\"!XfIx<@)\t\k<Weu5\O2\nUڛllwK\u|-ݲ\2\-q\zWR\F]K\\\\vZ\\2ja\ xCB \	L\n\ZYB1\6\"\ &0SRZxؤvorv:0|Z)ķ\8\ ueHã}V\"\qa\eρ6Y\\4|i&Q\ms\\٩N[ce\\\MG\Y>3<W\\'#\DjS_\\`M+\򾅨\\\|\\}G^|)r\\\8{c\zW[ę\H\\\pVē\=Oj\0[\\'\R\Z\\0E<$Zߏ\\\a\'d$yȭ\9؇\O24-3\+:{[ְy\M>.Qqt\L6\\@(ND\)uh\*\Ỳ4ת$Km#\)e#\dA̲|@\r}V|Nqc>\\M\A0n\깾\᝷^d\\]=\66\nܢ\h1\\Ce\\M;&zNl1ϽcѮא\Z]\7\)\4<rjGD\\$\sjǋ,\	RAN#~b83+\\\u1R\\0\Ӈ\sa\\'\:7#\4\F\\8\"&Ǳ\itr&FO,%\L\\6i\\c\W!p8\h\7s\Rv\ŝ_E~Y\v]\\s^\Eok\{+m3څR&w)Mt7KgnA[\\~m\IK@Դl\'N\C\=&\"!\as=clfT>2iT2d<\22ו\Gp#ElfR\jlj\0YL,\PD\04$I<٭ \8DX\U+hhgknD\Ȗ@6%W+iRNN\&y\3\Q\\\I.6vܡΓ\[%a^צ6j\r\'4\*R${\Q\d,mC\\{0w$I?\DY\r.B\4#Ǡ+6YZyCk\U\;d3mN\k.X\ꎗ\\X{M}V[6yfIO.+\tI\"]z\ס]<\&45q\V\\\ϕJ5F\Cu/\p]\;ݮdJ\4\PjZ:`\Ca\\FF&ޝ\\i\C\Z\\\*i1\8p+7q;Xx\-4Ò\6(@F\\^6gR\<c	\"׺Ϫ\\SgL	\\os\bcGBh\W~)A34\Z\'Pyk\\\ƪ\0oL\\\\\@ݣa\\|E<^noDL\r\>V\ߎʤ\LUr\\h!4G\M\u2WwY\3(q ղ&	Ns]\Sl8mt\6oQm\0hiթŴ,P>\m@\$-ll8X\\\r\\>\\'.9\+\Z\c\\J\|Y\#7\\\40\\Wb6f2n{+o+8H\46\^- \q\W{H\\\\6\nmK~?4,>˟l\kT-g3O\0w\u:H.9\rS@8L\\I#\\0fk\\"\3D\\\\\~e\f7Le2`Z*LAP\\\y6@\6IJ\0CG{\'\{5[\X\ZMW\I:\\iD\\\\d\"X/\\N⬃\$3fIsCDbEJukޙ+1n\(4w\>\)v\\js\ƒ77\0?U	#5i5Ԩf\\$\zW@\Ovn\\ЪuWcT_]Y;\@F\N\l\\Hȏ4hE	\\ll?.\\T\"&b\i㖚%iũ\ZJƁ\AZx\$ت$\\{j$v\v\\\1\\\CwRƌ^8W\r\Xc!\r2(qEW\	Ls\\L*GUq\\%\\#e\!l\r@\@\9~\0\B++(ƻ~\\\\\\\\f@\]\\\\\3!\\\n#z~(f3Y\\,R1q[\}\mbX.N\l\l\5\\_A-%84l}=ZX\Ps\<\f\(ɝaEr8\\L6\;x=J6#aw\\M\0\nasx!\#S\,ޫɻ\\0#%\\BO\LcmM	\\\\R\fc\3eo%\'t]\Wف@E\!\]\ࢎ<$Z	$@d@°­\0Sj\ѕ\#\u&\\kкn3\\\'Uocќ1\U\T\\\jЇ<d\0LMĄH\YHnwMq-- תI\r\M94m\'Ԟ(H;\\ǙΫ%od<65D\&?Q\rkK\%`\_u\r|Y)\r2n\\g+f\C\[[\E\7]j\)q\P] ,w7(nnߊv#e\C.w\h\>윜gF\$l=\wI\/\-v?\"\\o3/¼n\B1ls.`p$\\P]nGE\\-t9\Ǜ\C\aO>,\DN\d\\ɦ)oZX\ޑD*$\(4yZ\\\!n@{\\%]\5a\]Mf>\"\\\\&7[Ġ\@\Q\,\\r~ڈY3cSW̧\\r\w?\\5Q\\!\5Ät^c\,w\W6\'p\0\\=YiCKX\Ҳ ަ*|bwnv&`h>xXy\\\"(\+\\qgx\d鶨{\gX\\o#YG\I[Ԥ\'٪9ysDf\\\\o\">$o&ޱ44z<R\\\\ދgFZuw\'H]\n(\\)Zg7n1p[k+0\t.iI%S@钴 H(\?\;!(Iujp}_gwOu\+Htg.\B-֯KEQ\EK\XC\܀\0\\+7\\06I\qq٧`=KmQI]\nͩ\	\05TVGwo\Ydm.Y=rmX\\\j\,ŕ\\%A:N#8X{Rc\\0]\\Z\m\_*\0\\%\\\\rT\r3\\й\\\Z-T\{`\?z{\,x9\܆H\\n\\5L+/K5`\\רZa\H\G\`9\.\;V2RI;\0j͉:S2aI\7\B(\Y\\+\ 3v\\R\99k	[\\d\\Z\p\Z~\+\G\r\\\=\)\D\u7@\\Zt\\[^i(|?ef`2.	&FT$u\\>>A&7F\d\m\j\nj~\JS4\wY\r\m\OF&?BU05\\(x\{@u[S\'sAU&ި\\?3C?OUV1\p\\w(\?SXf3<XSa|lQ\0\#իvOԔ|Nd1]y\0\.\05ĞPJ\\\\e\\r\%r_$7IE\_\?K6x柯+j^=\\\ʢ\\Er\\:Hěv-lN6:\O{,Vu)&	C3\'\h㉎m/ r=G\OZ:.p\\E\;_4\&r\D\.\\*]栦ª;\n\\0M\\Nܻ^\!\{!ќ2X7(\cwWF\uZCm\f\F\\r{.E\\:X\`s\t 8{{N\\"$|Y}\\I]I\\du)C\;Udvup/\\R|\QLE\'L4z\o\d^&)Iaub}?Y\\\G\`6c}󾯪#ZƆ=\0\\\\\\\\\rɌ}8?B-\+8Mf5\pݮ\n\_\n=\\ݨs\<\P\ht\)?T]:N\\Ή$ǜFi1G;K<-HP\t\B\"\${\\n\\\D\B\\Ŗbgn\<\Z\֏RyAQu,N-k\0t\#s\\\\qN\F\!{HsȢOr:|b\$pl\\\\ʜu\0\im囲@7a\0Oe~^\\Y?fW>A\\\-h\ܟT9\ Ȃ\(^\'\4j75\?c\tCk\?\Z<p׊\sx67\.-3H\-Î@	\F\,qKhU+S\V~5yk\N\<\!ߐw\KLC[\'\<Uٕ:c#v@Ccg\\,\\\\|L3S\\<Bƶ9{É\yNC6u?٦d\\_3\\"\\L\\xteY2L;,Dmv\WrV8oEy̏\\t\18\"lrf\|N=Q\깹Pw\H`i\\\r6O\"cu|Ny\t{^ɃZ)zi\\\!Nk\\\^Zڏ\\8q\e6\G]F=o	\Yay\\\\i:*8\Ӑl?\\2\\\47aW\c|G\$swsA\\e\\讏yg\68\3\rq\FG\/==\+M%9I)Y\L\\l\\·GO\\~촊\i*t8;\Tɦ\l/>\\{m\u=@ݮk-!\k-\\RF\h|Ѵ\d(\^\4eB\r+G,[\\7`!^\<2\0\!u.es_CrԖ\3w4-U#i܎>\Y$\\#\o\Dʀ\rhrS\\ZhECgT%e648\ɻ=\oT-hT,qp\ri\'\h݇b[\ѕ\eeMF(vc\e4)3)qGd\0\\\4\Ӷ\L\Y\\ \0U\:#W,?\\\\L$\No09o\dtE\#ݵ\\f䊔\\2F)poce\pݪfƚ$\ɆRѤ\\كUn7-c\G\\Nڤ\=\0\d!Ϣ#sǐ\I>\'dQ@gԕQ\\\\m;ɐ`66w\\r~dF4\݋\D6HZY9\\7%;dMB)j@\%G1r\(bɟ\lnA_d\nuNzWc\\\\:n\L\"Etg\DSF!2iT\NŦ\\\=_%D]mc\g\gl^ߔY\rf;̏\\(n|M9\$K2V\\'l\E!\\\⾦2r\z\\0	\0>A\Xú\\H\x	O`M\ް\F\ \.7Qc\&8>8\=USGۥsN\\ǢϹWibf\0Բ\Z{,ddV4y\@\d\{p!\\!#\k\^vZ}\J\\\bv߫\}ќn냣w\[\\\\q\ʍF\qq\\\0\1\\8\r1dS)\\$\n\0odDz0)u3e\a|``\ˍ\@vڂ7\00^\0uiFXYèy\@&0\nG[Eڴa(f\tkzh5\n@?ZaR-\\n\b`opα\I\ $s!\"X[)\\\\u-!i.Dm`8o\\㰕6EM\M03TC\\\\KwY\\ma\\K1IQ\'\>\[k6>Wⳣm\.\4#\͒v\Z\\\\'\F7F]#K\wBi\\-m\\\*)\\[e\\Z.\'\m\m\ץ+\(-2X=E4\\T\nDdBñ*\@\U\0Ҵ\\4#\hm;w\\\'`\r,6O>\!\H\;^j\\n@\\%ʈ\\%g\AōYVzb\|CZ֐+a\0?@\\2	s\0\( !8l6)\{\'lg#\Bu4[\K d!\8\,[\\;fa${V	*1S\PsK\\Cr\ndĝ\K\kB簰>\|B\G[H4i~-\w\%h:<56-ů(\\\p.2#Æ\'[`k\7ttnc\\\l\\!NK\\TO?DvH!#\\O<>hNsf~\\k\0l\k%ڬA[\i{[#b,{85Х\N7 \'\\-v\p;\M\\\\7{g\2]\n\\F\Zx`u=\0U\\>GӾV]\\*FL̖|$\D\#\!\4ۆ\_UA\@\HV\U\\=+\t2{\ECFВ\\̞\0\\nyi 譏7(\bw0VA%\t`٠M.\r\nDFmy:?\\c\"R`\:I\'vmt]3f?\"Hr\\\\-\\w;\p:(\\\26\n\'5v볌\qq2\3ď~a4	\6\\\\80\C5\U4Zw\t.\'L\{su\ \0\˽X3`l\6H\Â\\,\y@#Yd6Cc\r\hWf4T\\\򤭖V\IEi^MPc1E\uD\-hc58ҽޮn~K\r-h\c\\\\6v\ZHh\\V{ͺ\r\o\AEDۺC+MUX\*ڱCrJbD\\\w],(\\'\0\;mgf\r\R2HRn\\\=Zb\Ď\"4J\ksٔ4{\nm,\\$if\\2	6S\x\n(n:dk\'Qy, Ak#`\n%T,z=Mʌ\$44\n<-p}zU`Ry\h\|=^4\B\'!̌\n\F\N-\lt_\o%\'LX\(;H\I-\\ˌoX(\'\k\\$\_vk÷\h\\U\\4Yr\uGv]7%\vF<Y\\{\0.i4U\n-=;g[\٬~]1\n\"ӹ\r\e>+$a\08\t8\\fc[Iҳw\A(\Z\FH\X\&>\r6cV\PоbKZѶ\(\\|ٴo\rJ\\n\g-uRs\teоF\q\`-\'\!2I7:H\Qxa\r\r\ys\	cο(乁Û*ǘ\hݧ\TCcG5Df\ǚ\'\g_?UZ[`;x\ð\ʫ.7\hCcA5ܓFr\~TFIѕV7U\\Q\0A\_gq-qo.o\}\\W+q\ \0ii_\,W8nnϢp_ S\\ʇF\:ޯV\\`nLL\\76=j\I\Y}.MX\י\9\:e0\}\mU^\~P~!\\J1_p<pͲ\ߩ\?cufh#\\\p6\\\\\<1Z2hQk!\G,k3\v=Z\V\\1w$WrL\Q\\s\Z\\䤶9.v\ؚ\nQJ̶cD\Nb\\\\0\i$\')/Z{UrVgCP\~HPr}H@\~\3g]pwQ\;\-w\\F\\i4\=\<\E\ʛ铕\ڱl㻻\Y\\\kTt){VPplwV\\\s[}+-#HIIdǩ5\ojp\%?q\aY\	.@5w)eL\/Hۅ|\r1bPwvUӭit\8OO~_/\XgSc\S\$\\WG\(u:L\F\\0\\'\n0\\֌3>\Z@\[!̔\uP`S_~~.\\,-;,\\CuM\'\`\N:5\h\\p\-V%\")wy\A\X/|?;~/\\\:$7dR(l\'j^Qɡe,{܎\ZǧǊw\Z=G\dm8XWh,\\K˲>#QؾV)\\\\f yk?Z%׊\\sZ\1t\&\\0\\\0⍻\r4\b۲4\\p@l2\$\\O	\s\\1̓[(	\Kf٬qO/ã\Te\Ɵ\NI@\>B/\ef69\\«PI{\\#괌Iq\\͇&\n\WpQ쭓\p\\}Bnpt$M]l}\r-e\ JºF7/-\\#\\[?:L1-\$%\SH6G*X:ll\{]T\wiuO\lH7\?\\\p\0\\\Y:[\\L\ry\1\At\@\;͞M2\\r\^\ۅ۝\'h\\\\nB\7\myFpȚ\=[\@p\\9\X|\q\%eY͓v[1# Qy\.s.W\64\{\=8\\&\4\Vm\ѥ\\"6)qKɐ.ɕ\\G=h!xl?@5!D`klQ\\N\\ZcL\NH\'7\O?\nJyo_kUeT\\Z칡\\\\\gU\\z\\o\0vƷ6֎$\\\ʪH\\\SR.*\u1p7\\\\)\Is\\l新؜ZFxǯ\7U>3I\iSapcR^=,X\><\0\0x\F=\s6˔_Ӣ\')ކ\a#&C\\\^\s<S\Zu_\r@\[\̘w\8,~.C\YoV\\\fx\\0\eKs\&3\J\NMݛ|Vu\)\Pw7\"\"c\/$\\SKO\n\\1\h==\b\Y:Flmٿ\u~F_Jxa\\>\\r\agɥX\ٗ\1\Ρ	\Z\+9\\)h㴌`\\r\\p-4T\\#\pY\EK ?ʖc\rEvi\w6;\^5\\\0$1\\%٪\\r\\O<\ \\Zj\;^Nb͞*llY\dì8p;QB50[~b9h\R\Yǐ\\U+{r>,XK\e\,^i;\Z5y7\q(1g#d{`$T.1Wf\AtCIq47\|(-?!\$	\؞\\\r<	\'ۅVAhhnCZ.M4\f\v\M/p\\eX\M,ͱ\FrŝCXzt\+	H\\	\q\\\\	\@t\s\\hV?d<z)E6\\r\\0{llyb($td\$\\\0iB\\\F\<c\'\rI\1@	MII\tWdEy\U\q쭎B\/p\)\\Մd\\\rչ{\E]`(\@٘\0\F\\\fIZmx,Z1Z\0cZu\<jG\\pNn\\\Q:]\H\*2cKZ\\+Ї\tr9i\ElRik\<QGk+[|:2\e<)~\"ևRKֆ῕m9%8p\\#|82\9\\\rtnk\ry@\_\d\ƴ4kS\'tf\asB\	vJ2\&DzI~5\\7Q|\"p\\\2\f\\\0=&\\'\DI;\\Mj\ˑ\\0\n\ZV\'c\'r:w>JLO\+\Se[UQϑ\NAnsd:P#c|!\wIbvMv|\)p\Z\ǎH[q ~a+CQU/\O\G\>C䌲\vC\r\(\'tD\\\\\\e`ޏv8\ $q\N\z&h\\\'Z\\'\:E;Y\\\~	cXcmЫi\\\\?\\/\'LfV3K!\CA\\\3\d}\C{6\1^kB:b\vB\0\ri.\'ԩH\R\RI$+N\|\e\0C\;cHsIBJ%gV,\yh?úJI\\\Ԓt\\в/\E9I1\\2{ӝ\&Զ\5e -0R\0kL˛[R\!\.U\(8\\ٿmڈE\?\?un4nf\i4A4#<QrH\'\\T\#qIէr`\\kQ+8\k爏\9\:vk.:IZ\\\U屹q\ri;(\dQ5\*q\0+z0\-t\rh$\\"qln\r$4>:H\/yt*5\2/\0(\0\Q\25V\\9~0\\ޮ4g\0\*\!\u1\01\%4\l\n4\\<g8\mm#\}#\PIj=\Q\\\cV]\\U%dT*3\-rJIi\۲ ~\H 	\\$\0\l+ժ8*ARad\"-\Tk;\4\i\F\E>JI \"I$2	\'II$d\ O~_\8\\">0C\~r\$\ѷ\\{m:GFj\\`6\\_g%\\5\B\%`\meNQ;u2&͝G\nVj|K<JSr\<q8\IJf4\V(Ď\\\Lμy*S\h*\Eg\0 _Ce\:Gt\'\0U\L잣O[q\\ɭ.1D\\f!</@ALˈ\\c\RNX=\ZIQ\04$\sh8\8\3Z]\\ڟ\'p\\ya.1.@5}PDd@Zϒ<lzh޿UϚT\.OCC|\\\(`$kT\Y?$<JH\\/Jmr\Z\\\Ҵj\P2ĆJ30\\xR\8\OU\)%f\\>48F<Zph\]lb\iM \\=BO\\F]2B\\!\\'%>ɶ\{\'ᣥYwǈL\\\rCǸ*vZ\\$#\\8\\"\\PCd\"o&H8_},mE\uɁ\r\{y#iةi\	=\{&8V7I*u\1i%-}I$2))QdKt\07\@	 \ UطҨqI=\dY\X\E{Yh|-J9Įxdq$z\ə\sI1\\Z\k#.|N\\;6pZaV\\9u\0\\\ -\\ʋ\o\Y\W\Y\0d6k<\\"\e\\0\V4\qx\_x̤u-n˥\Q\B\rl7Yf^\vh$\xгY}Dl\{!ܑ\78\\\m\rjjgIg}C:k<<\j8\\Z:sX%yݞ\\\/ ճgeiG\@T~e\x\Mv[\\\;k\\Zq\\=ςs\!:RR<Y.M>voENlg\.\ ЗV\\-\\]\\\RY#ݎ<s\\{(b$WJ\\E|Yz\g\ݕL\'C\r{-L_\\0\\0bڮ_\Xџ7\\\xNuU\}$\ZO?s\Uu\'%P4BoY\\\\r;W\D;z&:\0`\m#\C%t9DTր&Z;l`i$\0RI$\0\\ۥt7 St\Aۅ8\nبHc\nxŕU\2$nT\\V]\\Qp\IhY%N.9O\"Y\\ \v\r/mV~/&A.\rZ\\Tuk\3s}\J.]B\0\vp~s\?u4O\0!d`̻\EI9\'I4O\W>x9I4z\X\\3\\\n\\5Œ\z&3\NދHf]>\l)p\\\"8Y\\|kd.qJ\;\\'`,\yD\IO-;C\Q(`<\4\\\\w\ƪ)9ۖG\"\A\-xҳ\\\\H\ت\\S\hɄr\\\>[Y\\\	\\\'\c}!j:͌\\g+_V>N_eJ1a3J\Ku:G䄈ŋ \T\.d\0\\y.i\G~\`p\\\w9g;|IZݼƷ]Hr#KeGQ\0\~ޟ6~\\\\\G	q|gZ[\\\Dx=̺iq.\?\\\by$\\*挟\#E@e\\gOd{o\0_\bCbQK~\\Tb9\\4JM}Y\|[IJ\k\ߕ\nSj?Ih8R{G\\gΐTE9#\Zh\D\p+n\{N\0h\\$\N$Xw\@>\ys(\	$\Z1L\hSQ)\#~)?\'\\O\\*\E8\\0)Mwm	\\	dGD\\\OP\\׵\o\\#\|C>V<\kkτ\MD8\r,re\\kf\\\\9J|F\9	dR?>Ց	)b\r\/8\F\\\\'&gM)\\\0Iti6\9}\\<Z2U\阰aI\LMxwq\\Ge>Rr[ߚ\'D\6U\\ћJt\s\,\Cב\\t1(\\\\\MFN\\Ժ\˚.\\ \\`.}w$ԩ\q\Z|\\`\ڊ\\wfzE`CY\\x,;\tV\\r\O\"F7<\\\	顷\ng$\\\\r\\Jo!\EjW\0\Z[\ūQ\\3#7\rE(lG\\w\\[~\h˝Nwo\\`\0p\Wt\%\kb\ SG\'tsddI\D\\SiISuW\"`ƕ\:`ˏ^\Z\M\\kmn@!Ck\_cUC\j}\K\\\\\Ec\	\"-ajhp\ᮊ&EQh\p6\ǹ\rv,sVG\vG\6Zs1\\-.\|-\%cLSB\9\\0&|x0$\yq	$\\\\J\U7JO\'\A[s\ȳ\ܖA\3Ioc\k\ft\8\Q\4?H<\*4\הeO)s\k`\0W5\tp4\\uk,t\YQ\\-\0\\0w\0\b\\Z!cag\\ZK\\G\MJ.x7e\\r?\gb\n42mbz;\'!\^\H\e\\03,z\kׄ\u	&#s]w\X㸢\N5\\\\\`a\\A0\0\SR?o&QCngOG\&\\\\n6T?\Ȝr%\\"i!\\~\R\jC\*\\\͢ Yo W\e%Ux}(Wq[\rcY\:\+(inP#}@nw\0ܰ\ԛO\ۉMt\0}\QmJ\Zy*\O\D\n$MM1I\0`wJ\w@L\K\'-\'p\h옟.\8)J-J|n$iPnT\4n\\C7ď\\\M\>\Zuʕ\d`s+wEͫYu\̐\\(k.\')Q9\\0ŏ׳\v\j\'\+!<\@Gau\,7}!\y53z\QnNip L!8\2J-$jB>\lp0g\\,7dzլΙ\D\aHly\ƙ#㑧g0\gfGx\Asָ\BQoo9IJ\bȇ\c \\Eʗ-\d\\ˊV֖	\/b}./@O.m\qE3-\ax\\rȤ|1\\3yF`\/=0rG\0\o\M\\\\as:G62=\0\\\\i0r|\K\.ݍMt`tG\u\\8$y\Q}fA\zC\\\*p\\eL\"g_\(7\"ߋY#\R\0{2UHCc^\{Z\\cgYzl\!$d,_aV9\\Ds1\Z\e{\n\\^>J\f\\#V{b[\\\>Gl\ 8m\CmW\\\\\?Kŋw>\Rѥ懠\2`16@Íաz\I\b4\eLyٽ.s;\jJxI?pI\ܬ\\_Ŧ[k\Zz¿e3g\\gr>\\}GƋ5\ƀc&%fN\\4yS\5o\nv\ީA-/{\1ܒ~-?\\׿\0\H6\X\S\\,|3xn~\Ƶ\\\S͏\\{%\w&\0\\-\*5~OL++$d׿P\-\\s&Y\"6\1\n\]@\0\r:\J\߸_\eE\)\0\\ëp\?(7N\\\\\\rlj\G\'\'+?\r$.\a\0\n\~?tJ\;*<y`>핽\\9;L\\Z\\\0XU^*^\\zW\D\%a}U\0OŲ\\lph2ICtiǊy`y\;lP]G77\"7f\:g1RޤfY\M\\BUL6v\_\6\\"}P}U\0\([3RH\\\0\G\0\;\\rR\":q\0lY\5$\o>$[+N\H))iHX\\\x\Ԭ}x{\'\\\M.EdrH\#k*\<N/\D`6UŐ=HS\\^7-	c7T\\!3C 7X\uX\z@7b-\A4[\\C*\o\\\\\\\a\d\\R`lNH8\\(.oA\0YۅWf[	]\ub1Vj6^A?\\AӣӇ\p sc>i8B\t7A\D>\\\\2UC1_Qۅ\Gu8\rV?\x\\\\\b9][a\'ЩcG?<PHZem\W\\[vG|e$sCf(\\9DI :\\\S\y\%\Z(4\nZ^ԺuJ\8];9k..N{\"{p\\{xz^K2\>W\;\\o\\\,\\\u	#\'0۸$sq.Xnݸr\WE\v\[@\:Av\pq\Цqf\0zwT8uj\-LP%f3#L\\\`\s\06E_	L];3%\\8mZ֝\>,NOp\U\\kË˜\\pv\'\]39\\a!GŠ\\\\\Ю?N3\c0MiI	x1h1Wߞ{+\0oO\l,(%\I?tذ\a=U\\\\.ff\0g\\r6\0\Y\A\rzdN89\\h\ZSA5m~6\AE\IF+k@·C\^\\7\~\\\[\^?\0)[_c\0[\'\E1\\ߺhw\ؿn7\\d6\6\X\!۝e5kF\&2\r\LTV\\\(Qf\-\\nh;!bS]\\\'\AM)Ie\EװI\\z~\x\"\}cl\\wNE\*2ުU\m)\އnVS:\"\rt8\\S\q6*xi\\\:Qvpm)d\\E\\ul`\Q\ZOt\,rGE\\ֻ*0\w#]Vebc/W4⨛\@~,4t8#[\\0賲?w:G\Z\zltf|8}\\``\\ӵ\\N\'+\8r]#es\ZE9\e\Lʅ٪_c@xqY\~.#\'U|\~ʎ\GK\7<\\L\\!οt5\n|Ĭ^\6I\\2Ϻ\.s\ZPɳS\x\0:c`{\g\S\#+Hq\"xPcNl\\B0/\nJ(rw\|?\\\s`\\;r9,\Vz-2@\\d\-7G]o@\RK\-j\	#+\I\\\\\X$Gt\\\\\k+Kj\\|\k\\\\]\0F[^\\\7\~i@\|p\6\r&Я6uӮ\RbH\\\\y2s#,-}\ەR4\j\n\x\◶\w\\ǗM2O\\܀GLrc\\\(L\}\rL\;\\R\m|6\/׺\\\ȸ\\5\{\~0\0uj\r]\\w\:G<F_\MAm\?r\'\fٙ\K\^\\0,Ch\K\r,D\Z=4\	\'\_\QGw\_IƔ\r\05\Б1b0fbh}\ri\_\C\h;1m3ez	~*\j~T\1u8U\!j\y	\'\̭\qĎ\*GةB\ͿhL9\\G}@ \05o\\\:\;:E@>)v8X\D/\Z\\\+blOl\\0\\{t\Z\Z\W\n\]\j	\vJ1]-3\Ga]~k\⛋\\\<?\\Ėv]wWck\y\ZD\r譬\"Yy^OɰhB\\ܿ\0*\8V\~!\"X\f0i qk̦bH\\ZP\0\0|\\\ b|90\roԚ	K.-\Y\\\/SG<Un4KcFP\\\~\)lI,rA\\p!Dw\/\\\S\W\]ޮ;\\|WE q`J\Y_\ hZꆖ\0}:\:&Og-%\@\OJfY-\c \\6M\S1=%\\͑\jN37L\Z&\A\|\+\4#mcu\G]Jb\y07;^\\\\\@a2c\p3H\\/%ق/\LV3\9Bl9\\	 6\\"M\8nf\\\8Z9ވ\!:.sȋ1`k\q\dnA\\'@pv䫈Xq\r\0u]\	\\\1ݧdn\9ゲ|L\9\\\*?l\\\~\'A\\j|@\\Zo~7Yl\0x\n2s \r\\\H\`4\d\'$]=^8wi8?D|[c\dbJbw\&,\JT	pIUdePiXd*\RPT2pk\x dĐSSr\{,wO	\0J0\S\؝ʗDr\U-iPhd\0{dl\\\\vCV18\u\}\z-\\r\\5\E\o\\BQ51\\sd\\0\0l\\E\^]ZP\\\\\z\~\z]?S\rq\\[<\0Eq\f\\'\-\0\r\\˃\~`$wQ\~\\\]C+\Π\6َ7d\\\\0SN.0qi\U\ZH3XdJ݀ۑ\\d԰&B\Ir/6vd8\\,\h(ߊ\f?[#q\1\\7?$tu)40W.pX5\ާ\o:}\M:H*@\0\AW8Q4OU& uIJ\-\X\\ɑ(n\K\\%԰\\~CKd\:\\\ љ\nA8Z0ެ϶b46\0\Br|.c\\\Ltu\dF\zTO!,\\Oz\0/?\\8{\湆\⫲\?&dYQ\aȍ!\\\U\\0\{N{7\\'Mr\\\\\$k\W\'>\]?\y\l\\\'d	c\&\\Z5j\0GvUͤH\'T&\1\n\\DTpGἀ#2F\TO\t=U\Fc\\U\\`?#&=%ڎi4h)txKL\=Z\M\Qsx\]vG\\\&0w\ZQX24].\"\C\(;\\"і\Z^K\,c&G\\rg4\m\r{\\\O`#\\T@\\n9\\\7\D6&2^\\ZO\\0\)\'Yݖ=wMvY\"\'t\P<jY,\\MˇIY$<z\"D67*XZ\\*m]ʋɽ\\\) \u27*ԾǺ\n&\Ҭ3>;\Z\	p[Jҩ<\\ZN-$\pxmr pk	kٵ\o.nK\Z\"\Z]@O*]N\U8v<4cMbfosb\rh=\I\U6.\؞?\7[(i\[]D5\\Cq*E#a\IY\࣎\\\\\\0C\x\\ZhOZH;ش=dFMx+\0y\6\\I]\'M|ڭH\,\\\Ǯ,06[X?\KB?4tCKHl\\/\D\n?^eե9W2g/\\'\0Q^.S\\u;d̑\۾f/<\Ů깥\0r^\QR	p\ZStnMỚ\*v+\Z&W\\ZxP6[MHLrX2qG\lH]Ey?\9\3ϲ\M?U\Y\~A7\\\'%\q|__J=7\S]#\'V\n\~GԞ)鸒\\A F\Z\rI޻\W\^&GLcf}\\\\M\eؿB\4Eډcv$8mG谺|75c$7:bN@\\ZvQ\+!\\\ZH\:qFc\\X\;{۷g48[}6\4&\`:\5\R7\x\5B\{\[]NLt sK\\\"\\z\碛\1K\ס[,i\~,3j~f\\4#7\\ػt;6#unR}v2j.P\nt\7Ysk\[\\H0@R9\Y\@\\<\;)0̪p4\0\'\\\t\\kF$\e_O\\ŕ\\IZr\\j\J@)RfY`tnڒUb\mC\\\rK\ T_\Gb\0)F)wOI\(I~Uo\ntCqJ\4#]\ᳮZ4/}{X\ZѩܟETw\^00@7rv<z#aal\۔74\\U;$-Uޥ\\A\YZ&3\\iDp-aq\\>\\77g>\;h\tZ\j7\M\<\\P\\0\\\\}Q\\\\v<щ\"~\\\\Z}j\\÷F\8y\UpO^)\0.yߑ\\^6K Ěk:X\:\\/q_SDɋ\ﺭ\$\\\GegL\ŉnI\\\Z\C^A$V\;\'e`6)?y+7\\\\\03pmb	/\}:\ep,i1\2`̠褍0K]VYP\KMz12fw\Z7\v\\TӖ٣J+&v\IoBG i\RɀD\\vI\\Ѩ\YH1\ɾ\\\0>!hpe~aؕ\!\rɶ\`Z\Z6%\ZCDc{clqkWB\\\cuQ\\0x\ᔐ#-\0nŋGb\6;\nX~T$W5\	G\n.-a:w\yOpA[|\\R.]M0\0Tx\\\^\V6\֎>\+Wk;q\h౤\dQ2\T\,k\rSӁ&\jG\\\c\\D6)\\\ \Kc\p$\\FNI4r46,(ư \[+F[*\04T\U\{$2AN֒vL]\	&\F\\+D\h\\\@Ӻ8\"´%\\cLy^1B7TrڅT;7z\X׷\\N\\\01\\Z\\x#\@\;Z9\0^ܑ\ވ X\~\,ŠPK5\Z\r&ÙZ\EH@4[\~\)X4>\\\oa\\K\\"ƱE\0Q֙\\6\p}5#[\\9>N\0\ېQ\nD˲2S\u\0\&c\偔\_x\0=\\\\W?Fc\\).\'@.̯\#N\C&~ˌi\^M\n}\"\ G+\nKȮ\{~\\4N.6\W\'\\Yy߶\m\\0\,Y×M`=oq\!!\GH]\Uǧ\0I\=5\ʗ H|6\\Àc-p\nGb\q\7>\r\&#@!\%?3n\n\s,	\uX\$\\u\Ė\HB2I&\'T;R~1\x\\',g\v8knA\\p\\ܸ\ZA^lG rՐ\0	pf\r\\\,[\ɊsZ]\U4lw\_4Y\T1dlǺ:).\\4tCk1<\\\\4\ TeMD9M\UIas)\\A5\"qͤ-\8j-n\0过`D\\\Pօ\'\\\`\\ۢ\"hSw5VثD\\EX\{4znf\\DD\ht\)\n\T\\\!\F\ڪ\'\\&Ya\\(q@f7¶ٕ_\0\")\ZZ\z\\4Mk$4\9\0г\Nf!.=J,#lU<Ȧy\%?\GzE\ϵ\<(6q{\\X\ꖭ0>\\0T,\\\$`\\\n\\$\\t\qr\G\0\sr>\e\>Gj\4?\\n\Z\Z\Ze\\9\"t\W`\\]\#\\\tlY\q#\8\r\My@\|G7:Z\CC\DW\0w4C\\M_\\Rxywbq\'\ױlY.h\Rc\>3ØCȲ]qp&kTXS\\D<ts:0\Zwq{\Z5G!\=K\t\G\\0fpY\\r K$	/,Xզ\%\EG8\=\ES\ߴw?%̚z\\ i\y\v#ޒb4 \tQĵ\\\"\wI#\Vc\Z$8yh\\0+U\Z\;\8h;P\V\ZsMDQ\nH\\\\\r^RP\\m\\\\66=\|=g2cE$)Mjmps \!0Zhp7~\d\\'X\*7\J\F\Hv46Ud\\\\npLF\ZZ%qfM11I.\\'fIT\@\[CVvN\p\\ 񷽪 G\ƸN\v\ʞT\\n\\kiz C\\,4}̗\\0^\Z\]*Mx\^(&\\0&ͪ\߸=\\ZQ@ZF\\r+|\j\.\\	9lyLD\pd]ߧ%\4Y5ޕ)KCO>m]\yc\m;jCFŭ)\\;\ڙ+t\# ]E\\\\v\M\{\Hoߢ\\\ŠzP\nx\\\Q\\\Ƃ\_$\?\\g\\\<\\<\Z7?m\Sijt\C%mdNF5\\"\'p\7\\K@\y\J7\\<Kcla{$\;r ɧ\]\$4Zl\fs[՝3)E,&\<nw*n:\oH@sG\ZX\\'\%j!\V|\#pD\n#w(%2W+bA\ZN\o\d\\8WqT2^_!4\\㹯/=9-p=o\rc\0Ə.\۲\yxF\J\ZH\;\=\\0ck]nx\(m\`mZef\\\\zC/]U#\\'Q\ߪ\\p{i\wSʝΐ۹Y\\ZD\0-\'s\YT^n\0\r\U\\5\PÅdDiHoH\I4\\I\& \p|61\\91^\\8,shU6\ZC\Rl|3\\n\V0\@\o\\XƂ+\\~H\ۅ$rci-?1\q\Egi#k<,ᱰ#A\\\ts\\{\6c^(IL(\YIxZo{MkAy`2iނ\El\;\~\n\\\0HH۟\r\i	\^\\4+a\pnW\dsltx@Q\8\k*ֈkC|\lh\ZJ:cg78ld8\\\+QcN\\Z<6\\\c[<h˫I\]%\X\?|\@\\"?\Zc4Mz+\\fK\^\?}l;_u+]H2%I]\u?_\\\\M`X\O\D8I\#\A H6	HO.DMN\ªGH,9䛽\\q|n\0KOQT!\\(\xI1Y\Ad\/*\H\\{\;~\e-o\\(,\\Z8%jcc\RJV1\\\nP\\[onJx#k\07dp;ֲy!Z\0@\IzV\\XHs\V\T\NfM;tI`l`\\Z@\8\EEm\r	q\dl9@V\uY焩Ӱ\UȬe\nk\D\|\\RE\"Fd80\\)\C\\\"\Zwq\%k<tM\','gfdfg',50,'56','09-Sep-2000','10:00 AM','1:00 PM','4:00 PM','7:00 PM','10:00 PM','streaming','dfgfdg');
/*!40000 ALTER TABLE `movie` ENABLE KEYS */;
UNLOCK TABLES;

--
-- Table structure for table `moviebooking`
--

DROP TABLE IF EXISTS `moviebooking`;
/*!40101 SET @saved_cs_client     = @@character_set_client */;
/*!50503 SET character_set_client = utf8mb4 */;
CREATE TABLE `moviebooking` (
  `id` bigint NOT NULL AUTO_INCREMENT,
  `date` datetime(6) DEFAULT NULL,
  `email` varchar(755) DEFAULT NULL,
  `first_name` varchar(755) DEFAULT NULL,
  `last_name` varchar(755) DEFAULT NULL,
  `price` bigint DEFAULT NULL,
  `title` varchar(755) DEFAULT NULL,
  PRIMARY KEY (`id`)
) ENGINE=InnoDB AUTO_INCREMENT=14 DEFAULT CHARSET=utf8mb4 COLLATE=utf8mb4_0900_ai_ci;
/*!40101 SET character_set_client = @saved_cs_client */;

--
-- Dumping data for table `moviebooking`
--

LOCK TABLES `moviebooking` WRITE;
/*!40000 ALTER TABLE `moviebooking` DISABLE KEYS */;
INSERT INTO `moviebooking` VALUES (1,'2023-02-08 00:00:00.000000','Admin@gmail.com','Admin','Admin',1608,'Ut amet itaque dolo'),(2,'2023-02-08 00:00:00.000000','Admin@gmail.com','Admin','Admin',1608,'Ut amet itaque dolo'),(3,'2023-02-08 00:00:00.000000','Admin@gmail.com','Admin','Admin',3216,'Ut amet itaque dolo'),(4,'2023-02-08 00:00:00.000000','Admin@gmail.com','Admin','Admin',4020,'Ut amet itaque dolo'),(5,'2023-02-07 00:00:00.000000','Admin@gmail.com','Admin','Admin',804,'Ut amet itaque dolo'),(6,'2023-02-08 00:00:00.000000','Admin@gmail.com','Admin','Admin',1608,'Ut amet itaque dolo'),(7,'2023-02-08 00:00:00.000000','Admin@gmail.com','Admin','Admin',1608,'Ut amet itaque dolo'),(8,'2023-02-07 00:00:00.000000','Admin@gmail.com','Admin','Admin',804,'Ut amet itaque dolo'),(9,'2023-02-16 00:00:00.000000','Admin@gmail.com','Admin','Admin',804,'Ut amet itaque dolo'),(10,'2023-02-13 00:00:00.000000','jebyzof@mailinator.com','Lewisssss','Lester',1134,'fgdfg fdg'),(11,'2023-02-13 00:00:00.000000','jebyzof@mailinator.com','Lewisssss','Lester',1701,'fgdfg fdg'),(12,'2023-02-14 00:00:00.000000','Admin@gmail.com','Admin','Admin',1578,'gffdg fg'),(13,'2023-02-14 00:00:00.000000','Admin@gmail.com','Admin','Admin',2367,'gffdg fg');
/*!40000 ALTER TABLE `moviebooking` ENABLE KEYS */;
UNLOCK TABLES;

--
-- Table structure for table `movieseat`
--

DROP TABLE IF EXISTS `movieseat`;
/*!40101 SET @saved_cs_client     = @@character_set_client */;
/*!50503 SET character_set_client = utf8mb4 */;
CREATE TABLE `movieseat` (
  `id` bigint NOT NULL AUTO_INCREMENT,
  `movie_id` bigint DEFAULT NULL,
  `seat` bigint DEFAULT NULL,
  `show_id` bigint DEFAULT NULL,
  `status` varchar(755) DEFAULT NULL,
  PRIMARY KEY (`id`)
) ENGINE=InnoDB AUTO_INCREMENT=461 DEFAULT CHARSET=utf8mb4 COLLATE=utf8mb4_0900_ai_ci;
/*!40101 SET character_set_client = @saved_cs_client */;

--
-- Dumping data for table `movieseat`
--

LOCK TABLES `movieseat` WRITE;
/*!40000 ALTER TABLE `movieseat` DISABLE KEYS */;
INSERT INTO `movieseat` VALUES (1,1,1,1,'Booked'),(2,1,2,1,'Booked'),(3,1,3,1,'Booked'),(4,1,4,1,'Booked'),(5,1,5,1,'Booked'),(6,1,1,2,'Available'),(7,1,2,2,'Available'),(8,1,3,2,'Booked'),(9,1,4,2,'Available'),(10,1,5,2,'Available'),(11,1,1,3,'Available'),(12,1,2,3,'Available'),(13,1,3,3,'Available'),(14,1,4,3,'Available'),(15,1,5,3,'Available'),(16,1,1,4,'Booked'),(17,1,2,4,'Available'),(18,1,3,4,'Available'),(19,1,4,4,'Booked'),(20,1,5,4,'Booked'),(21,1,1,5,'Available'),(22,1,2,5,'Booked'),(23,1,3,5,'Available'),(24,1,4,5,'Available'),(25,1,5,5,'Available'),(26,2,1,1,'Available'),(27,2,2,1,'Booked'),(28,2,3,1,'Booked'),(29,2,4,1,'Booked'),(30,2,5,1,'Available'),(31,2,6,1,'Available'),(32,2,7,1,'Available'),(33,2,8,1,'Available'),(34,2,9,1,'Available'),(35,2,10,1,'Available'),(36,2,11,1,'Available'),(37,2,12,1,'Available'),(38,2,13,1,'Available'),(39,2,14,1,'Available'),(40,2,15,1,'Available'),(41,2,1,2,'Available'),(42,2,2,2,'Available'),(43,2,3,2,'Available'),(44,2,4,2,'Available'),(45,2,5,2,'Available'),(46,2,6,2,'Available'),(47,2,7,2,'Available'),(48,2,8,2,'Available'),(49,2,9,2,'Available'),(50,2,10,2,'Available'),(51,2,11,2,'Available'),(52,2,12,2,'Available'),(53,2,13,2,'Available'),(54,2,14,2,'Available'),(55,2,15,2,'Available'),(56,2,1,3,'Available'),(57,2,2,3,'Available'),(58,2,3,3,'Available'),(59,2,4,3,'Booked'),(60,2,5,3,'Booked'),(61,2,6,3,'Available'),(62,2,7,3,'Available'),(63,2,8,3,'Available'),(64,2,9,3,'Available'),(65,2,10,3,'Available'),(66,2,11,3,'Available'),(67,2,12,3,'Available'),(68,2,13,3,'Available'),(69,2,14,3,'Available'),(70,2,15,3,'Available'),(71,2,1,4,'Available'),(72,2,2,4,'Available'),(73,2,3,4,'Available'),(74,2,4,4,'Available'),(75,2,5,4,'Available'),(76,2,6,4,'Available'),(77,2,7,4,'Available'),(78,2,8,4,'Available'),(79,2,9,4,'Available'),(80,2,10,4,'Available'),(81,2,11,4,'Available'),(82,2,12,4,'Available'),(83,2,13,4,'Available'),(84,2,14,4,'Available'),(85,2,15,4,'Available'),(86,2,1,5,'Available'),(87,2,2,5,'Available'),(88,2,3,5,'Available'),(89,2,4,5,'Available'),(90,2,5,5,'Available'),(91,2,6,5,'Available'),(92,2,7,5,'Available'),(93,2,8,5,'Available'),(94,2,9,5,'Available'),(95,2,10,5,'Available'),(96,2,11,5,'Available'),(97,2,12,5,'Available'),(98,2,13,5,'Available'),(99,2,14,5,'Available'),(100,2,15,5,'Available'),(101,3,1,1,'Available'),(102,3,2,1,'Available'),(103,3,3,1,'Available'),(104,3,4,1,'Available'),(105,3,5,1,'Available'),(106,3,6,1,'Available'),(107,3,7,1,'Available'),(108,3,8,1,'Available'),(109,3,9,1,'Available'),(110,3,10,1,'Available'),(111,3,11,1,'Available'),(112,3,12,1,'Available'),(113,3,1,2,'Available'),(114,3,2,2,'Available'),(115,3,3,2,'Available'),(116,3,4,2,'Available'),(117,3,5,2,'Available'),(118,3,6,2,'Available'),(119,3,7,2,'Available'),(120,3,8,2,'Available'),(121,3,9,2,'Available'),(122,3,10,2,'Available'),(123,3,11,2,'Available'),(124,3,12,2,'Available'),(125,3,1,3,'Available'),(126,3,2,3,'Available'),(127,3,3,3,'Available'),(128,3,4,3,'Available'),(129,3,5,3,'Available'),(130,3,6,3,'Available'),(131,3,7,3,'Available'),(132,3,8,3,'Available'),(133,3,9,3,'Available'),(134,3,10,3,'Available'),(135,3,11,3,'Available'),(136,3,12,3,'Available'),(137,3,1,4,'Available'),(138,3,2,4,'Available'),(139,3,3,4,'Available'),(140,3,4,4,'Available'),(141,3,5,4,'Available'),(142,3,6,4,'Available'),(143,3,7,4,'Available'),(144,3,8,4,'Available'),(145,3,9,4,'Available'),(146,3,10,4,'Available'),(147,3,11,4,'Available'),(148,3,12,4,'Available'),(149,3,1,5,'Available'),(150,3,2,5,'Available'),(151,3,3,5,'Available'),(152,3,4,5,'Available'),(153,3,5,5,'Available'),(154,3,6,5,'Available'),(155,3,7,5,'Available'),(156,3,8,5,'Available'),(157,3,9,5,'Available'),(158,3,10,5,'Available'),(159,3,11,5,'Available'),(160,3,12,5,'Available'),(161,4,1,1,'Available'),(162,4,2,1,'Booked'),(163,4,3,1,'Booked'),(164,4,4,1,'Available'),(165,4,5,1,'Available'),(166,4,6,1,'Available'),(167,4,7,1,'Available'),(168,4,8,1,'Available'),(169,4,9,1,'Available'),(170,4,10,1,'Available'),(171,4,1,2,'Available'),(172,4,2,2,'Available'),(173,4,3,2,'Available'),(174,4,4,2,'Available'),(175,4,5,2,'Booked'),(176,4,6,2,'Booked'),(177,4,7,2,'Booked'),(178,4,8,2,'Available'),(179,4,9,2,'Available'),(180,4,10,2,'Available'),(181,4,1,3,'Available'),(182,4,2,3,'Available'),(183,4,3,3,'Available'),(184,4,4,3,'Available'),(185,4,5,3,'Available'),(186,4,6,3,'Available'),(187,4,7,3,'Available'),(188,4,8,3,'Available'),(189,4,9,3,'Available'),(190,4,10,3,'Available'),(191,4,1,4,'Available'),(192,4,2,4,'Available'),(193,4,3,4,'Available'),(194,4,4,4,'Available'),(195,4,5,4,'Available'),(196,4,6,4,'Available'),(197,4,7,4,'Available'),(198,4,8,4,'Available'),(199,4,9,4,'Available'),(200,4,10,4,'Available'),(201,4,1,5,'Available'),(202,4,2,5,'Available'),(203,4,3,5,'Available'),(204,4,4,5,'Available'),(205,4,5,5,'Available'),(206,4,6,5,'Available'),(207,4,7,5,'Available'),(208,4,8,5,'Available'),(209,4,9,5,'Available'),(210,4,10,5,'Available'),(211,5,1,1,'Available'),(212,5,2,1,'Available'),(213,5,3,1,'Available'),(214,5,4,1,'Available'),(215,5,5,1,'Available'),(216,5,6,1,'Available'),(217,5,7,1,'Available'),(218,5,8,1,'Available'),(219,5,9,1,'Available'),(220,5,10,1,'Available'),(221,5,11,1,'Available'),(222,5,12,1,'Available'),(223,5,13,1,'Available'),(224,5,14,1,'Available'),(225,5,15,1,'Available'),(226,5,16,1,'Available'),(227,5,17,1,'Available'),(228,5,18,1,'Available'),(229,5,19,1,'Available'),(230,5,20,1,'Available'),(231,5,21,1,'Available'),(232,5,22,1,'Available'),(233,5,23,1,'Available'),(234,5,24,1,'Available'),(235,5,25,1,'Available'),(236,5,26,1,'Available'),(237,5,27,1,'Available'),(238,5,28,1,'Available'),(239,5,29,1,'Available'),(240,5,30,1,'Available'),(241,5,31,1,'Available'),(242,5,32,1,'Available'),(243,5,33,1,'Available'),(244,5,34,1,'Available'),(245,5,35,1,'Available'),(246,5,36,1,'Available'),(247,5,37,1,'Available'),(248,5,38,1,'Available'),(249,5,39,1,'Available'),(250,5,40,1,'Available'),(251,5,41,1,'Available'),(252,5,42,1,'Available'),(253,5,43,1,'Available'),(254,5,44,1,'Available'),(255,5,45,1,'Available'),(256,5,46,1,'Available'),(257,5,47,1,'Available'),(258,5,48,1,'Available'),(259,5,49,1,'Available'),(260,5,50,1,'Available'),(261,5,1,2,'Available'),(262,5,2,2,'Available'),(263,5,3,2,'Available'),(264,5,4,2,'Available'),(265,5,5,2,'Available'),(266,5,6,2,'Available'),(267,5,7,2,'Available'),(268,5,8,2,'Available'),(269,5,9,2,'Available'),(270,5,10,2,'Available'),(271,5,11,2,'Available'),(272,5,12,2,'Available'),(273,5,13,2,'Available'),(274,5,14,2,'Available'),(275,5,15,2,'Available'),(276,5,16,2,'Available'),(277,5,17,2,'Available'),(278,5,18,2,'Available'),(279,5,19,2,'Available'),(280,5,20,2,'Available'),(281,5,21,2,'Available'),(282,5,22,2,'Available'),(283,5,23,2,'Available'),(284,5,24,2,'Available'),(285,5,25,2,'Available'),(286,5,26,2,'Available'),(287,5,27,2,'Available'),(288,5,28,2,'Available'),(289,5,29,2,'Available'),(290,5,30,2,'Available'),(291,5,31,2,'Available'),(292,5,32,2,'Available'),(293,5,33,2,'Available'),(294,5,34,2,'Available'),(295,5,35,2,'Available'),(296,5,36,2,'Available'),(297,5,37,2,'Available'),(298,5,38,2,'Available'),(299,5,39,2,'Available'),(300,5,40,2,'Available'),(301,5,41,2,'Available'),(302,5,42,2,'Available'),(303,5,43,2,'Available'),(304,5,44,2,'Available'),(305,5,45,2,'Available'),(306,5,46,2,'Available'),(307,5,47,2,'Available'),(308,5,48,2,'Available'),(309,5,49,2,'Available'),(310,5,50,2,'Available'),(311,5,1,3,'Available'),(312,5,2,3,'Available'),(313,5,3,3,'Available'),(314,5,4,3,'Available'),(315,5,5,3,'Available'),(316,5,6,3,'Available'),(317,5,7,3,'Available'),(318,5,8,3,'Available'),(319,5,9,3,'Available'),(320,5,10,3,'Available'),(321,5,11,3,'Available'),(322,5,12,3,'Available'),(323,5,13,3,'Available'),(324,5,14,3,'Available'),(325,5,15,3,'Available'),(326,5,16,3,'Available'),(327,5,17,3,'Available'),(328,5,18,3,'Available'),(329,5,19,3,'Available'),(330,5,20,3,'Available'),(331,5,21,3,'Available'),(332,5,22,3,'Available'),(333,5,23,3,'Available'),(334,5,24,3,'Available'),(335,5,25,3,'Available'),(336,5,26,3,'Available'),(337,5,27,3,'Available'),(338,5,28,3,'Available'),(339,5,29,3,'Available'),(340,5,30,3,'Available'),(341,5,31,3,'Available'),(342,5,32,3,'Available'),(343,5,33,3,'Available'),(344,5,34,3,'Available'),(345,5,35,3,'Available'),(346,5,36,3,'Available'),(347,5,37,3,'Available'),(348,5,38,3,'Available'),(349,5,39,3,'Available'),(350,5,40,3,'Available'),(351,5,41,3,'Available'),(352,5,42,3,'Available'),(353,5,43,3,'Available'),(354,5,44,3,'Available'),(355,5,45,3,'Available'),(356,5,46,3,'Available'),(357,5,47,3,'Available'),(358,5,48,3,'Available'),(359,5,49,3,'Available'),(360,5,50,3,'Available'),(361,5,1,4,'Available'),(362,5,2,4,'Available'),(363,5,3,4,'Available'),(364,5,4,4,'Available'),(365,5,5,4,'Available'),(366,5,6,4,'Available'),(367,5,7,4,'Available'),(368,5,8,4,'Available'),(369,5,9,4,'Available'),(370,5,10,4,'Available'),(371,5,11,4,'Available'),(372,5,12,4,'Available'),(373,5,13,4,'Available'),(374,5,14,4,'Available'),(375,5,15,4,'Available'),(376,5,16,4,'Available'),(377,5,17,4,'Available'),(378,5,18,4,'Available'),(379,5,19,4,'Available'),(380,5,20,4,'Available'),(381,5,21,4,'Available'),(382,5,22,4,'Available'),(383,5,23,4,'Available'),(384,5,24,4,'Available'),(385,5,25,4,'Available'),(386,5,26,4,'Available'),(387,5,27,4,'Available'),(388,5,28,4,'Available'),(389,5,29,4,'Available'),(390,5,30,4,'Available'),(391,5,31,4,'Available'),(392,5,32,4,'Available'),(393,5,33,4,'Available'),(394,5,34,4,'Available'),(395,5,35,4,'Available'),(396,5,36,4,'Available'),(397,5,37,4,'Available'),(398,5,38,4,'Available'),(399,5,39,4,'Available'),(400,5,40,4,'Available'),(401,5,41,4,'Available'),(402,5,42,4,'Available'),(403,5,43,4,'Available'),(404,5,44,4,'Available'),(405,5,45,4,'Available'),(406,5,46,4,'Available'),(407,5,47,4,'Available'),(408,5,48,4,'Available'),(409,5,49,4,'Available'),(410,5,50,4,'Available'),(411,5,1,5,'Available'),(412,5,2,5,'Available'),(413,5,3,5,'Available'),(414,5,4,5,'Available'),(415,5,5,5,'Available'),(416,5,6,5,'Available'),(417,5,7,5,'Available'),(418,5,8,5,'Available'),(419,5,9,5,'Available'),(420,5,10,5,'Available'),(421,5,11,5,'Available'),(422,5,12,5,'Available'),(423,5,13,5,'Available'),(424,5,14,5,'Available'),(425,5,15,5,'Available'),(426,5,16,5,'Available'),(427,5,17,5,'Available'),(428,5,18,5,'Available'),(429,5,19,5,'Available'),(430,5,20,5,'Available'),(431,5,21,5,'Available'),(432,5,22,5,'Available'),(433,5,23,5,'Available'),(434,5,24,5,'Available'),(435,5,25,5,'Available'),(436,5,26,5,'Available'),(437,5,27,5,'Available'),(438,5,28,5,'Available'),(439,5,29,5,'Available'),(440,5,30,5,'Available'),(441,5,31,5,'Available'),(442,5,32,5,'Available'),(443,5,33,5,'Available'),(444,5,34,5,'Available'),(445,5,35,5,'Available'),(446,5,36,5,'Available'),(447,5,37,5,'Available'),(448,5,38,5,'Available'),(449,5,39,5,'Available'),(450,5,40,5,'Available'),(451,5,41,5,'Available'),(452,5,42,5,'Available'),(453,5,43,5,'Available'),(454,5,44,5,'Available'),(455,5,45,5,'Available'),(456,5,46,5,'Available'),(457,5,47,5,'Available'),(458,5,48,5,'Available'),(459,5,49,5,'Available'),(460,5,50,5,'Available');
/*!40000 ALTER TABLE `movieseat` ENABLE KEYS */;
UNLOCK TABLES;

--
-- Table structure for table `parking`
--

DROP TABLE IF EXISTS `parking`;
/*!40101 SET @saved_cs_client     = @@character_set_client */;
/*!50503 SET character_set_client = utf8mb4 */;
CREATE TABLE `parking` (
  `id` bigint NOT NULL AUTO_INCREMENT,
  `address` varchar(755) DEFAULT NULL,
  `number_of_slot` bigint DEFAULT NULL,
  `parking_name` varchar(755) DEFAULT NULL,
  PRIMARY KEY (`id`)
) ENGINE=InnoDB AUTO_INCREMENT=5 DEFAULT CHARSET=utf8mb4 COLLATE=utf8mb4_0900_ai_ci;
/*!40101 SET character_set_client = @saved_cs_client */;

--
-- Dumping data for table `parking`
--

LOCK TABLES `parking` WRITE;
/*!40000 ALTER TABLE `parking` DISABLE KEYS */;
INSERT INTO `parking` VALUES (2,'gfgs',20,'Parking 1'),(3,'dfgfd',34,'Parking 2'),(4,'ggggggggg',10,'Parking 5');
/*!40000 ALTER TABLE `parking` ENABLE KEYS */;
UNLOCK TABLES;

--
-- Table structure for table `payment`
--

DROP TABLE IF EXISTS `payment`;
/*!40101 SET @saved_cs_client     = @@character_set_client */;
/*!50503 SET character_set_client = utf8mb4 */;
CREATE TABLE `payment` (
  `id` bigint NOT NULL AUTO_INCREMENT,
  `card_number` varchar(755) DEFAULT NULL,
  `email` varchar(755) DEFAULT NULL,
  `expire_date` varchar(755) DEFAULT NULL,
  `name_on_card` varchar(755) DEFAULT NULL,
  `total_price` bigint DEFAULT NULL,
  PRIMARY KEY (`id`)
) ENGINE=InnoDB AUTO_INCREMENT=23 DEFAULT CHARSET=utf8mb4 COLLATE=utf8mb4_0900_ai_ci;
/*!40101 SET character_set_client = @saved_cs_client */;

--
-- Dumping data for table `payment`
--

LOCK TABLES `payment` WRITE;
/*!40000 ALTER TABLE `payment` DISABLE KEYS */;
INSERT INTO `payment` VALUES (1,'4543535','Admin@gmail.com','2023-02-08','sgdfg',1608),(2,'4543535','Admin@gmail.com','2023-02-07','fsdfsdf',1608),(3,'4543535','Admin@gmail.com','2023-02-07','zxczxc',3216),(4,'4543535','Admin@gmail.com','2023-02-07','fdg',4020),(5,'4543535','Admin@gmail.com','2023-02-07','fdg',804),(6,'4543535','Admin@gmail.com','2023-02-07','fdg',1608),(7,'4543535','Admin@gmail.com','2023-02-07','fdg',1608),(8,'4543535','Admin@gmail.com','2023-02-07','fdg',804),(9,'4646','Admin@gmail.com','2023-02-13','fdgdfg',804),(10,'4543535','Admin@gmail.com','2023-02-11','fgdf',50),(11,'4543535','Admin@gmail.com','2023-02-10','fdg',50),(12,'4543535','jebyzof@mailinator.com','2023-02-24','fdg',50),(13,'4543535','jebyzof@mailinator.com','2023-02-14','gdg',1134),(14,'4543535','jebyzof@mailinator.com','2023-02-14','dfgdg',1701),(15,'4543535','Admin@gmail.com','2023-02-14','fdg',1578),(16,'4543535','Admin@gmail.com','2023-02-13','fvg',50),(17,'4543535','Admin@gmail.com','2023-02-13','fdg',50),(18,'4543535','Admin@gmail.com','2023-02-14','fdg',50),(19,'4543535','Admin@gmail.com','2023-02-13','dffdg',50),(20,'4543535','Admin@gmail.com','2023-02-13','dfgdg',50),(21,'4543535','jebyzof@mailinator.com','2023-02-13','fdgfd fgd',50),(22,'4543535','Admin@gmail.com','2023-02-21','ffgh',50);
/*!40000 ALTER TABLE `payment` ENABLE KEYS */;
UNLOCK TABLES;

--
-- Table structure for table `seats`
--

DROP TABLE IF EXISTS `seats`;
/*!40101 SET @saved_cs_client     = @@character_set_client */;
/*!50503 SET character_set_client = utf8mb4 */;
CREATE TABLE `seats` (
  `movie_bookingdto_id` bigint NOT NULL,
  `seat` varchar(255) DEFAULT NULL,
  KEY `FK7wpmhpiutlh39cn7i8440j6uo` (`movie_bookingdto_id`),
  CONSTRAINT `FK7wpmhpiutlh39cn7i8440j6uo` FOREIGN KEY (`movie_bookingdto_id`) REFERENCES `moviebooking` (`id`)
) ENGINE=InnoDB DEFAULT CHARSET=utf8mb4 COLLATE=utf8mb4_0900_ai_ci;
/*!40101 SET character_set_client = @saved_cs_client */;

--
-- Dumping data for table `seats`
--

LOCK TABLES `seats` WRITE;
/*!40000 ALTER TABLE `seats` DISABLE KEYS */;
INSERT INTO `seats` VALUES (1,'1'),(1,'2'),(2,'3'),(2,'4'),(3,'2'),(3,'3'),(3,'4'),(3,'5'),(4,'1'),(4,'2'),(4,'3'),(4,'4'),(4,'5'),(5,'3'),(6,'7'),(6,'8'),(7,'19'),(7,'20'),(8,'22'),(9,'8'),(10,'59'),(10,'60'),(11,'27'),(11,'28'),(11,'29'),(12,'162'),(12,'163'),(13,'175'),(13,'176'),(13,'177');
/*!40000 ALTER TABLE `seats` ENABLE KEYS */;
UNLOCK TABLES;

--
-- Table structure for table `slots`
--

DROP TABLE IF EXISTS `slots`;
/*!40101 SET @saved_cs_client     = @@character_set_client */;
/*!50503 SET character_set_client = utf8mb4 */;
CREATE TABLE `slots` (
  `id` bigint NOT NULL AUTO_INCREMENT,
  `parking_id` bigint DEFAULT NULL,
  `slot` bigint DEFAULT NULL,
  `status` bit(1) DEFAULT NULL,
  PRIMARY KEY (`id`)
) ENGINE=InnoDB AUTO_INCREMENT=65 DEFAULT CHARSET=utf8mb4 COLLATE=utf8mb4_0900_ai_ci;
/*!40101 SET character_set_client = @saved_cs_client */;

--
-- Dumping data for table `slots`
--

LOCK TABLES `slots` WRITE;
/*!40000 ALTER TABLE `slots` DISABLE KEYS */;
INSERT INTO `slots` VALUES (1,2,1,_binary ''),(2,2,2,_binary ''),(3,2,3,_binary ''),(4,2,4,_binary ''),(5,2,5,_binary '\0'),(6,2,6,_binary ''),(7,2,7,_binary ''),(8,2,8,_binary ''),(9,2,9,_binary ''),(10,2,10,_binary ''),(11,2,11,_binary ''),(12,2,12,_binary ''),(13,2,13,_binary ''),(14,2,14,_binary ''),(15,2,15,_binary ''),(16,2,16,_binary ''),(17,2,17,_binary ''),(18,2,18,_binary ''),(19,2,19,_binary ''),(20,2,20,_binary ''),(21,3,1,_binary ''),(22,3,2,_binary ''),(23,3,3,_binary ''),(24,3,4,_binary ''),(25,3,5,_binary ''),(26,3,6,_binary ''),(27,3,7,_binary ''),(28,3,8,_binary ''),(29,3,9,_binary ''),(30,3,10,_binary ''),(31,3,11,_binary ''),(32,3,12,_binary ''),(33,3,13,_binary ''),(34,3,14,_binary ''),(35,3,15,_binary ''),(36,3,16,_binary ''),(37,3,17,_binary ''),(38,3,18,_binary ''),(39,3,19,_binary ''),(40,3,20,_binary ''),(41,3,21,_binary ''),(42,3,22,_binary ''),(43,3,23,_binary ''),(44,3,24,_binary ''),(45,3,25,_binary ''),(46,3,26,_binary ''),(47,3,27,_binary ''),(48,3,28,_binary ''),(49,3,29,_binary ''),(50,3,30,_binary ''),(51,3,31,_binary ''),(52,3,32,_binary ''),(53,3,33,_binary ''),(54,3,34,_binary ''),(55,4,1,_binary ''),(56,4,2,_binary ''),(57,4,3,_binary ''),(58,4,4,_binary ''),(59,4,5,_binary ''),(60,4,6,_binary ''),(61,4,7,_binary ''),(62,4,8,_binary ''),(63,4,9,_binary ''),(64,4,10,_binary '');
/*!40000 ALTER TABLE `slots` ENABLE KEYS */;
UNLOCK TABLES;

--
-- Table structure for table `user`
--

DROP TABLE IF EXISTS `user`;
/*!40101 SET @saved_cs_client     = @@character_set_client */;
/*!50503 SET character_set_client = utf8mb4 */;
CREATE TABLE `user` (
  `id` bigint NOT NULL AUTO_INCREMENT,
  `dob` varchar(255) DEFAULT NULL,
  `email` varchar(755) DEFAULT NULL,
  `first_name` varchar(755) DEFAULT NULL,
  `gender` varchar(755) DEFAULT NULL,
  `last_name` varchar(755) DEFAULT NULL,
  `password` varchar(755) DEFAULT NULL,
  `phone_number` varchar(755) DEFAULT NULL,
  `user_role` varchar(755) DEFAULT NULL,
  PRIMARY KEY (`id`)
) ENGINE=InnoDB AUTO_INCREMENT=4 DEFAULT CHARSET=utf8mb4 COLLATE=utf8mb4_0900_ai_ci;
/*!40101 SET character_set_client = @saved_cs_client */;

--
-- Dumping data for table `user`
--

LOCK TABLES `user` WRITE;
/*!40000 ALTER TABLE `user` DISABLE KEYS */;
INSERT INTO `user` VALUES (1,'2023-02-07','Admin@gmail.com','Admin','Male','Admin','Demo@123','8585858585','Admin'),(2,'1972-01-27','jebyzof@mailinator.com','Lewisssss','Male','Lester','Pa$$w0rd!','+1 (205) 295-5092','User');
/*!40000 ALTER TABLE `user` ENABLE KEYS */;
UNLOCK TABLES;
/*!40103 SET TIME_ZONE=@OLD_TIME_ZONE */;

/*!40101 SET SQL_MODE=@OLD_SQL_MODE */;
/*!40014 SET FOREIGN_KEY_CHECKS=@OLD_FOREIGN_KEY_CHECKS */;
/*!40014 SET UNIQUE_CHECKS=@OLD_UNIQUE_CHECKS */;
/*!40101 SET CHARACTER_SET_CLIENT=@OLD_CHARACTER_SET_CLIENT */;
/*!40101 SET CHARACTER_SET_RESULTS=@OLD_CHARACTER_SET_RESULTS */;
/*!40101 SET COLLATION_CONNECTION=@OLD_COLLATION_CONNECTION */;
/*!40111 SET SQL_NOTES=@OLD_SQL_NOTES */;

-- Dump completed on 2023-02-13 21:11:42
